Document Id,Similar Count,Hash,Document Type,File Extension,File Size,Character Count,Page Count,Primary Language
8,6,E41BCEDFF63E40BE2298885D941C1159D5E7C0D6,Email,.msg,277504,8464,4,English
9,7,E88B9BAF2CC814398E8A80FDD125DE1328FF13E5,Email,.msg,249344,7825,4,English
28,1,BB52C4B09D2888B3B754FB7D7D38470838187DC7,Email,.msg,92160,3015,2,English
39,3,47A840F07E2D670D0707A44068B13B5C4A264C00,Email,.msg,87040,5643,3,English
45,6,6FA8CFCF23F50635513685DB2BBDB38F320DC556,Email,.msg,244736,8123,4,English
52,1,5AF62E0D728714314CA05B6B520667ABCD933203,Email,.msg,89600,1368,1,English
71,5,1280DDDD0B546637C5956E116B1072E5FF59C0D7,Email,.msg,96768,6548,3,English
99,1,3A1B3D7F36B6C7ED7ED80F815716B80F2E39B183,Email,.msg,578560,1192,1,English
121,2,6BAD4356D3FFB03B9099B929B6357E88FB0F5754,Email,.msg,51200,3148,3,English
122,6,6D113A57E33665CB5746BDA4DCC5B6502361AE7C,Email,.msg,206848,8741,5,English
123,5,6DEBE4494FF115876E37111C669E64D44BAAFE90,Email,.msg,503296,6720,4,English
153,1,FC0533F4D6DC347620F43FC464486B7DCC30D578,Email,.msg,114176,3626,3,English
183,1,0724DEEC9963D0FBCBA5A683D6007E67BCEB3527,Email,.msg,246272,1898,2,English
188,2,013621FF09E998020C16B8FDF32005D4140BEB13,Email,.msg,123392,5409,3,English
220,4,2BEA3DDC51DC1D15E981EBBD059B45425BCCEA0D,Email,.msg,189952,33396,19,English
251,2,2BFF9117D5C6CD43AB5680CA1E9C943AF78E0F85,Email,.msg,88576,9403,5,English
335,1,949531D5F8EEFB425A0ED0A2148604DA90EAFA45,Email,.msg,68608,3539,2,English
343,2,0DE91A4D259FF7B7A8133F306239F9DCC62E8261,Email,.msg,69120,3972,3,English
391,5,10F26276CAFA302EA9619270D65CDF4C8EE7021B,Email,.msg,70144,10576,5,English
1438,1,70E66273311B32FCE66BBD83ED1E5A7B0F651FBC,Email,.msg,12195328,6351,3,English
1445,1,DCB4325797F97AD5A39665BB0D5C8E82E3346E35,Email,.msg,12231680,7562,3,English
1726,1,0013E91FB21C2104A440C806B961A7D42798D868,Email,.msg,86016,2035,2,English
1734,6,27C134B6F7B2E312D139A36885288277E02B91DF,Email,.msg,57856,5733,4,English
1793,4,AF65CDECBB26A55912A1FC5220C5E3C0F324E14C,Email,.msg,47104,2794,2,English
1798,2,B3C01D90F032EB3CEF66451B940F72A8A7BE9766,Email,.msg,94208,2189,2,English
1799,4,B430C9747A3ECBAB9B7685AA7845A9D0E9402336,Email,.msg,41472,5450,2,English
1801,1,B6CFC703E70BA5D92EE1C5924FA512BB859BCD4D,Email,.msg,55808,1702,2,English
1804,7,B95414522F45DBD02C075746666699F7EC3EC0F2,Email,.msg,72192,9658,5,English
1809,11,BCA64F6004B0AAB56F9C0D6BF7CFBD2CBAD15709,Email,.msg,145920,9445,6,English
1820,1,DA6C526BF8CEF85D3DEEC10F78229DF06D000E40,Email,.msg,410624,3178,2,English
1827,4,D19873DA1E1707223E7A832EC6F4C9F0551027F2,Email,.msg,97280,5069,3,English
1828,5,D3820F6D69C12BC397B37C7498C21615126D9598,Email,.msg,65024,5891,4,English
1874,3,8983EAD29A9D31AEF645D75BC6184E8C2B5BC338,Email,.msg,78336,8793,6,English
1877,3,D6877BFC7C0DD4DD87F544044CEFB4273435A8C5,Email,.msg,79872,5904,4,English
1883,4,DF35AE2B0DB0B708F90CA7864431742DE4DCBDF3,Email,.msg,124928,1099,2,English
1884,5,DF98FE6E64F645E775392BA0FCAEE99523FAD515,Email,.msg,78336,6106,3,English
1887,3,E5A0C95AB95A0B966E62C8E5087885DAF6B53A79,Email,.msg,66048,4294,3,English
1888,4,E6E74BE7690D53DA5FFEA6D88101D0CA3806CBF8,Email,.msg,47616,4825,2,English
1890,4,E86BE31A24A5972B245EA4E0A13FE8A6D144F346,Email,.msg,104448,2526,2,English
1891,5,F4D981482B7778B20B319D39C6FA0FB23959CB54,Email,.msg,373248,7527,5,English
1893,3,E8B988DD259F483FE436124D192AF5F1DDDD5766,Email,.msg,43008,5639,3,English
1896,3,385B5A365A77ABC5DFB861D8FF9F8CD9EA05F403,Email,.msg,46080,3944,2,English
1900,1,3DB7A8003C27CD84D887C3DBB35D1F10F0D700AD,Email,.msg,67072,5866,4,English
1901,1,3E7292BB94946F1D0E9E4E13BFCFF5252DE36CB8,Email,.msg,74752,2289,2,English
1907,5,5900A58F16500FC0B0834D30F5682A895D28023D,Email,.msg,107520,14035,6,English
1915,1,444B5D166C6D3DC07A43D9947ED15E59BFEA8F4F,Email,.msg,65024,4247,3,English
1922,4,B675B3222CAF6EFCF36318EF1066F47D3D7AE87B,Email,.msg,148992,8947,4,English
1926,3,47EB737D6BE4E64637CC7D16D5A72288F3BAFED8,Email,.msg,70144,6947,4,English
1950,5,691E06E6567EC527B226CAC0E41DCBBB898C5897,Email,.msg,65024,7312,5,English
1980,3,2435CDAFF915D7C90A53FAD20C61B0220BEFC9D4,Email,.msg,162304,10102,5,English
1992,1,2A96E3AEE35039209FC5BB4FCD5264318C80B3DE,Email,.msg,92160,3533,2,English
2016,1,69D8E68158A4504E1B6FF668DDE006E3ACA0DFCE,Email,.msg,52736,4015,2,English
2046,4,6EAF4A3250128E2980333D0CEFC7D6711452399C,Email,.msg,53760,5988,3,English
2049,6,801978005C02CFE083563F3A9ED8435A12F6325B,Email,.msg,199680,6084,4,English
2061,2,77EB798E99F120EC51F129536DDEC99051DA5DF4,Email,.msg,120832,8491,3,English
2066,2,09460D1441245A426C51A4ADE1B36CBE6E35994B,Email,.msg,54272,4230,3,English
2121,4,4D40A61B523CD95766D34FCA7D78865C002FFA91,Email,.msg,60416,6175,3,English
2151,2,1A58FBCB13634032CF0BB28432C27FC451A118EC,Email,.msg,50176,4425,3,English
2165,1,00BFBED590F6D0A54A01A18E34EFB2D6B2E8DC92,Email,.msg,410112,4360,3,English
2186,4,3417B94A0A32B8D4EA85EFABAC844958F78F72C9,Email,.msg,76800,8794,6,English
2193,2,C5B1D76E1066B7B8D175EAE38DC2DFD35DFEA5F6,Email,.msg,207360,1602,1,English
2197,3,34421EBD8F62AABA573A622CDD206F4B0B188618,Email,.msg,93184,5838,4,English
2211,7,1E3BF33FF762EAAEE73550C3CE917515CBCC31E0,Email,.msg,70656,9155,4,English
2214,4,350D45052601590D2E456452769E2103984B43FF,Email,.msg,88064,8538,4,English
2252,8,36449DAF0C2C9E4F51C1AC209F1CB7FA4E07CD7A,Email,.msg,218624,13274,7,English
2288,1,08F7ED48ABC96B539F8F8934EF912C70EC1C07B0,Email,.msg,100864,2950,2,English
2300,2,E8C41C7E1F21A4E29368A09F470130BF96EF4B9D,Email,.msg,2780672,1063,1,English
2302,1,F1F8ED8066AEC61F5F916341FD6F3AA511C8FF64,Email,.msg,38400,2408,2,English
2309,13,F33C530A8DB2901BDE5AFFAE782F06C05D2A54FF,Email,.msg,153600,10907,6,English
2325,2,9F61EAA7EC24BF65AA1422B67A524843C96A67B3,Email,.msg,51200,3809,2,English
2347,7,F81B987A032F3A1521FDBE56C5A926B7CE8D9390,Email,.msg,92160,8601,4,English
2350,1,00391393CB15FC9361715433F53EB658DD7B2075,Email,.msg,105472,1928,1,English
2376,3,FC4F88639C0082AEFBD0B25022EF87579AE2F7E7,Email,.msg,66048,4379,3,English
2384,4,A4BA18E185D58BBDE9B414C309860CA24EF4C43E,Email,.msg,52224,6637,3,English
2385,1,FEA06094169F070EE5686DFC8C10E726C9F69A03,Email,.msg,78336,2165,2,English
2695,2,F456C6F09565620968644139AF6DB8775BE261CE,Email,.msg,49152,1758,1,English
2700,8,F760AD938FEDD37F240FC34FBE5B4E066A26D698,Email,.msg,112128,10093,6,English
2701,1,F7D9F87FC0D610F6AD62DE9BF4E3755088044D09,Email,.msg,43520,3170,2,English
2705,4,F8DA973181B0AE689E7FAC44E6D18C921D78921F,Email,.msg,133632,9745,6,English
2712,9,FDD7529E40A312C22B3358D72A57A2CF8F087C38,Email,.msg,77312,4698,3,English
2713,2,FE177DF0B51CF42E4EFF9879EB43C68DD312D8D7,Email,.msg,47104,6509,7,English
2718,1,3305B3C73CE73B67C51C9BDCA0D5DD435F411AE6,Email,.msg,29696,2522,2,English
2727,2,33449BDFC7471F8D33DAF637D56A16FEE49A9840,Email,.msg,29696,2239,2,English
2779,1,742809E23C581897EAF74F8B0CCB3A15D58CF9EA,Email,.msg,55296,2440,2,English
2781,2,75130432CB3D73B4D58DE082FDD7F28A25332BBB,Email,.msg,163840,23810,10,English
2809,4,389D22A1BB346C6DFA3CBD435DC624FEF779AE56,Email,.msg,67584,2372,2,English
2810,2,0FAAC1C585CB3D7DA24667940CC1FCACACE006EE,Email,.msg,79872,5647,3,English
2813,1,10107DC7EB2673BC4BDB3F9D80D6A651AA5E8D72,Email,.msg,52736,4017,2,English
2829,4,10E15A55DF36581481D39E604A9BC7DDDDECD2E9,Email,.msg,66048,2630,2,English
2843,3,36CDCE8771DA46E2386BA09B13C663B07A246630,Email,.msg,95232,8746,5,English
2848,4,36FCFC6EBB6C3235D72F5491AE43F7C9A1DBEE33,Email,.msg,97792,4159,3,English
2891,2,B9107BA3903E9C21FCC05AB5E96CFA8F526840A8,Email,.msg,63488,1654,3,English
2896,3,B983F94224C906D0AA99EA26911A1C68AE45B687,Email,.msg,166912,6316,3,English
2901,4,B9ABDF83BEF08023F0F8939AB043454550881A01,Email,.msg,45568,5637,4,English
2902,7,4D3400587D17014735F2C9648B526940D79F7663,Email,.msg,64512,4040,3,English
2923,7,185FA3930739A16B0D922D442C276B5FED3AA3BD,Email,.msg,59392,4768,4,English
2925,3,BD332F3BACA9084B321D2C33ABBEC470B217ADED,Email,.msg,131584,5647,4,English
2935,1,BE045950C006696F9ACBC038E96B326C5956D1B8,Email,.msg,112128,7066,5,English
2940,2,BE8F58F66E732E8A59AC9B4E73F9AE13C104D88A,Email,.msg,79872,5261,3,English
2964,1,434257692A82A2186BA78B4DAED2577938BD7A8F,Email,.msg,35328,1573,2,English
2972,3,CC86A6C9173B16D87D82569103AC195FDC3AB2C2,Email,.msg,124928,5171,3,English
2973,2,43B526CD17D6238509E15F5A304CEE2995A41472,Email,.msg,55296,2778,3,English
2979,5,FCA1956633E5F77DEBA4726E3CEB09CDAC5733F6,Email,.msg,97280,3813,3,English
2982,1,0AC0087885AD685D9F89C3BC0F23AC40422238A8,Email,.msg,68096,5640,4,English
2985,4,444D28942D756E224EA505E2A34C9F00F083F089,Email,.msg,56320,4226,3,English
3004,5,8360278E685931D9CD18E56DF84EDD4639491C26,Email,.msg,121856,20310,8,English
3009,3,AE1108E3C0CED6B8B6F7F243784AE02EBD465EE3,Email,.msg,86528,6439,4,English
3019,2,C086EB17A17643DC86BCC336956B3A9DA4A53B80,Email,.msg,77824,3614,3,English
3022,6,19D1DB8D14BDE1D235E2542CB965086B006B86C9,Email,.msg,118272,7985,4,English
3028,2,11437124F716B61DC64C2A7079364A79BC969937,Email,.msg,57344,3806,3,English
3029,3,589930DE56417AFCEDC30D5308ADBC1CC54DDEBF,Email,.msg,49152,4209,3,English
3031,2,E9E8D0D204BEA197020F0CB31A7EA2C58ED0D8AD,Email,.msg,113152,4972,4,English
3039,4,91B4666B8F9E79C93C6E7097E9A314EE065105C0,Email,.msg,154624,13709,8,English
3079,4,48CC5D685D724CB254B11B4EA13B7B501AD793F8,Email,.msg,128000,4897,2,English
3080,9,9A0A8ED9298FF4579619AEBEB642733D415D76D9,Email,.msg,61440,5043,4,English
3086,2,F793E967E656C8174751942F25750C09BA3447F0,Email,.msg,877056,4489,3,English
3094,3,91DFAD3AEBCC8CA71A96C5CE2D6D986514587142,Email,.msg,58368,5806,4,English
3101,6,5A45DBA6AF615BA6347026477541174EA42ADBE2,Email,.msg,100864,6607,4,English
3120,8,053498835C0061F01E127327459966264E75036F,Email,.msg,48128,8251,5,English
3123,2,9B184B32D7DA9EE3DE0014E87D43D15ABAA4F08C,Email,.msg,58880,2320,2,English
3127,5,EC28ACB6F8F35B8180CECDA1AADF5FB015019FBE,Email,.msg,125952,9838,5,English
3134,5,077CAB407C77625EB12DA4A80EBD11017F370B01,Email,.msg,77312,3335,3,English
3136,3,0E8C8D0CD63C03ACC180728188EF267B9261AD7C,Email,.msg,37888,1540,2,English
3157,1,0573AC80128B62860A315D419CEBB5CCF4B95ABE,Email,.msg,325632,3413,2,English
3160,2,9BB4909F08E29FDFA287CF0762E523240AF51BE8,Email,.msg,67584,2538,2,English
3164,3,AFB684C7DBF45B1F77B0484EFA38A71F3D0D97ED,Email,.msg,75264,7088,5,English
3195,1,54A846F8CAC701DA2A5554EA5661632AD8164348,Email,.msg,40960,1859,2,English
3207,3,41FF0250A992B7AA03C7A45C8E5E56D1036E0F57,Email,.msg,223232,13605,7,English
3212,4,7CEB4CA4CC23FA9C794F9CE72B9AA78884CD598F,Email,.msg,121856,4754,3,English
3215,5,77C2F4D5036BCA35D79417C898782F69C452FF5D,Email,.msg,114688,17203,7,English
3236,1,54BE8F18A263D3EA3A6DAB9356FB5F8EA6954A84,Email,.msg,1240576,9855,5,English
3238,2,C63F69988261226A49BE70AB0B02B7DDD2CDA839,Email,.msg,128512,1830,2,English
3245,5,B09C4E26B262A6E4F28661D15536A887FF72936E,Email,.msg,66048,3110,2,English
3259,7,4AF2A5F1803E6D8AB8E373B46CA94CA8D36BCFE0,Email,.msg,161280,5773,4,English
3267,3,5C2533E97408AC9DB680D07C53D6851ACB7339C6,Email,.msg,56832,5131,4,English
3268,4,8E485D28DBDD732890E09581F035E5E96699FA30,Email,.msg,77312,3677,3,English
3273,4,088CF54AE08DCA98C2DEA4B46AF71F881223A608,Email,.msg,78848,6891,5,English
3279,1,C7543C0B7D45A5B172A2218491AE7880886C1B10,Email,.msg,103424,5988,4,English
3287,2,B0C0E64B2E4D8F7233DA8F5E730F072FC18B9DBB,Email,.msg,61440,5780,4,English
3297,4,788BBFA2F651D463508EFBCD9AE5BE0F4A00180D,Email,.msg,155136,15924,8,English
3316,3,1F84FB95FF19E836F7CEF191EB4D4CDF82E79307,Email,.msg,52224,1996,2,English
3345,9,4B0A985D606F39272F3ACD517C70135A719C264E,Email,.msg,103936,8345,5,English
3363,4,5C3A921E374169978B437369B19CAEB884617247,Email,.msg,105472,4305,3,English
3365,3,EEE52FD800C11BD1B24193B1AB6C5BCF97FA1584,Email,.msg,99328,4674,3,English
3372,2,9DA60E3F0A6086FCC3067460B4D54F063A95D40C,Email,.msg,78848,4809,3,English
3406,3,7F6214EA372EDBC3CA8133DD74CA2D3F04672060,Email,.msg,178176,8867,5,English
3419,1,9EECBCA41ABB23D526087B95512B0206DD511895,Email,.msg,194048,6638,7,English
3426,4,79282E524B42649FB53132BBBC22B2072CA0F46B,Email,.msg,64512,5206,3,English
3497,1,F05F6EA0235E0D3FA991EA65E9E5A5BF2C9E9A32,Email,.msg,80384,1805,2,English
3521,7,8064F218536FAECD8D4E3665FA2A65CFDB8889AA,Email,.msg,156672,14334,7,English
3540,8,562C1DF9A6B01821382BE94049A6BE5485F06286,Email,.msg,185344,14302,8,English
3554,1,909669A51F419FA661C75ADD04292DAD26C80267,Email,.msg,54272,2483,2,English
3558,7,B3D43025E59FDF5701761CD9F53DC8952A329B18,Email,.msg,67584,4405,3,English
3580,7,F129BF41DFA6936296D21A4C73F237B2C4C5B2CF,Email,.msg,101376,7049,4,English
3582,2,0690949AA9248F964578156C4B4FBF808664C335,Email,.msg,150016,9285,6,English
3595,1,16DCD7511D7D5C4734EFCBACF605249807552FF9,Email,.msg,84992,1980,2,English
3597,6,90DC6104730061EB362BB1962C36F7EB6C11D71A,Email,.msg,172544,16962,7,English
3602,3,B41C673D52C4EF0EE2B202A0330B784557DCCEF3,Email,.msg,138240,7223,5,English
3616,1,E1036CE56A9EE8584BC440F5F5C0A7888E2B33F1,Email,.msg,60928,1425,3,English
3634,3,818A4418B6A32037D7DC4C5F24771B1A2833E375,Email,.msg,136704,6634,4,English
3641,1,95C6316495DDEFA9B1F26F522A982B523A1100F3,Email,.msg,183808,1756,1,English
3659,5,F35D4A76BC6FCC8D39FD3598AAF1F130F477CF88,Email,.msg,44544,6129,4,English
3663,2,823A81F002CF0AB250B54E339CD193CFAF5E7505,Email,.msg,148992,19823,8,English
3678,1,12C2DF0825D058445C4686194A8643D52F8E21C1,Email,.msg,46592,3408,2,English
3680,1,B50056DC7E9DDC1B389A71C3F457CE9716290136,Email,.msg,33792,2367,2,English
3702,7,D8CF6BCA090BF249BC8687CA563CC5FE3DC193DC,Email,.msg,130560,6869,4,English
3710,3,083F3E500E351FA1F20C7E3EDB2172574C045933,Email,.msg,201728,7212,5,English
3752,4,D8E1A7DD38F6E0565B1D913C4852AD6490FED63D,Email,.msg,128512,5302,2,English
3759,3,F3B6748E40573654E4D0FCB78625C35825DFA416,Email,.msg,51712,3762,2,English
3770,3,E360FBB6FE3E3B53E91BD5A01FAD3DC63C8FF030,Email,.msg,77824,7566,4,English
3808,2,405ACBD4DAB5292C59A33226DACFBDE30FFC637E,Email,.msg,342528,2379,2,English
3850,5,DB2F1175A5A74F443DE343012C8286E6C7FDDF9A,Email,.msg,77824,4038,3,English
3852,7,5FFDB4DB34E12F28139597F0CA9E05E48BBE9219,Email,.msg,150528,9040,4,English
3874,9,22E781E0E364B5F5BDCABD460C39FFDD478307AA,Email,.msg,54272,9827,6,English
3968,1,DDB897A9177CAFF27455784660CD882D4BAB4F70,Email,.msg,57344,4247,3,English
3983,7,DDF5FB7C9237D7E5A7EEAC4EB7A7070B50DE4417,Email,.msg,125440,5381,3,English
4009,2,695F2CB02EEE31E96AEF9E322320E44D48B7298D,Email,.msg,40960,5141,3,English
4028,2,DEAC9E6E5EF776C2833D9729F46DF5A7D374A9FF,Email,.msg,105472,5730,4,English
4074,1,A571D86952E0A119E065B0E7DDFDAA0B8CDD35CE,Email,.msg,134144,2733,2,English
4077,2,38A2C5CBA2E922B1A7DBD8C65BF1C3B49018C2F3,Email,.msg,113152,2615,2,English
4082,7,A879309C0C4236C80EF43884D0063435B943F4CA,Email,.msg,116736,16621,6,English
4085,1,A920DB81D8A1FEAE18E084179EC1558E3887BC93,Email,.msg,79360,1466,1,English
4096,1,3B1585B60BF2AB4B5A05F04EB958D5F08BFD739D,Email,.msg,36864,1835,1,English
4102,1,D3F2B6EE8C612336F10E441D7605B86717540ECF,Email,.msg,164864,1775,1,English
4122,1,AD78D9F81D254B4890DF6A10C63169833701C7F1,Email,.msg,40448,2251,2,English
4220,3,1551081D78835C3B335B76642FEBEBB5445B6360,Email,.msg,143872,12001,6,English
4249,2,6CF4EB9708238ABC051877C39D870B5C1BD51895,Email,.msg,84992,1789,2,English
4353,11,1D3408439C293885455C6F0B3F4558802289E717,Email,.msg,178688,8360,5,English
4453,2,6DBFEA495A216ACCFD1554EB989507895BB2742A,Email,.msg,166400,4096,3,English
4513,2,6F1454DFC17B5F4AC9BEB5584C2D0A88139CF6C5,Email,.msg,169472,6879,4,English
5257,5,D3821C5D61347A0E64C681AA0BF0A55D4A72CA8D,Email,.msg,134144,7408,5,English
5264,2,D4471CFCC4E25F15C6A1EA4CE79086CD81CEF91E,Email,.msg,67584,3169,2,English
5302,5,D630EABA378495DDBFDB390B499153E606FBBCEC,Email,.msg,136192,13135,6,English
5312,7,D6374864EEF0684950F0251AA8D5B78FFAD8F721,Email,.msg,128000,9260,4,English
5319,3,D7535C4201BC710F0391F91787E34F942AEF7F30,Email,.msg,44544,6005,4,English
5342,2,D890D94719E4941B9C4F5B06FC1F6F51BF72874D,Email,.msg,45568,2067,2,English
5364,1,01ECA46A7EC6056B923BC6E82905B4770A978415,Email,.msg,131584,2480,2,English
5392,1,DA125A9BB0E6842E65D0D236BB4973BABEDC1A61,Email,.msg,96768,4018,4,English
5453,2,DAD631534582281BB8435CF7C9F4E6D87A608CF8,Email,.msg,74240,2897,2,English
5462,14,309B2B8DE90C9ABFE919D4B4E0318D679F4FB9AE,Email,.msg,292352,13556,8,English
5472,6,DB10B724B82681C31AC2EC95EA3C40D3FF9878A5,Email,.msg,95744,17461,7,English
5544,8,1AA55F3459D4638DEE0AF24E469595D24C392A2A,Email,.msg,116736,15296,9,English
5689,4,7EDC1CA36B91C8F879A6FDE90951911CCDABC5D5,Email,.msg,195072,14888,9,English
5754,2,80EDFCF23BC294C19F2E1DC0AB36960E682ACFC5,Email,.msg,94720,3702,3,English
5884,7,873BEB6AC33F724E9FDFD87EA5A0C911699BB1D2,Email,.msg,176128,4194,3,English
5888,1,29F860B8027748B7194C65A7E3AE59F0257C5FF5,Email,.msg,91648,1912,2,English
5897,1,35EAE09DEDE0080CAEF19630398F22EE04CAAAF7,Email,.msg,1706496,4908,4,English
5948,1,3D7E572BB617B0DB408290E1C48CEE074DF23087,Email,.msg,34816,3742,2,English
5952,7,88E575DCCF9888050AA9628E599FE5864770E9CB,Email,.msg,56832,8945,4,English
5957,2,2FFD23E776744AFA5E54269D129AA016C940B15E,Email,.msg,938496,4015,3,English
5969,3,26D930AC7FA25A44E0A6217D0F315480DA62081E,Email,.msg,111616,7849,4,English
5974,3,631ABCABFE5E2548285D453540D5A6A8FD9A5069,Email,.msg,65024,4811,4,English
6006,3,32A5BC577957260D0A6F5DFBD6EA33505258088F,Email,.msg,208896,1620,1,English
6015,5,642929BDD4A8A665AAB907E23A85F359E32022AD,Email,.msg,181760,19144,7,English
6085,2,7541B4F7012CA9895A88DCA66679441F55A13690,Email,.msg,79872,4616,2,English
6097,3,9F3955D1D633E93413B4663725552C292FB9030D,Email,.msg,47616,2832,2,English
6117,2,7569977E4526BA717B39FB93F4AC90AA4C13425B,Email,.msg,77312,3935,2,English
6122,5,277606A7F4ACCD38B998B8809D3265E416D97AF2,Email,.msg,124928,12189,6,English
6145,3,760679B80AAC86CC9E2F868A477C98E5262D3A5F,Email,.msg,100352,6427,4,English
6155,1,EC6D0E7721C964F16DE3529CB95B4EBE4A562E06,Email,.msg,69120,2765,2,English
6186,2,8E919C3224001F50897DB46BB214BED0603059CA,Email,.msg,98304,3607,2,English
6236,3,EE9328285E6C5B71D85BC135B3A4DA3A865AC74B,Email,.msg,178688,8882,5,English
6272,5,EF9121435FE2040069AAAD2DFF6331C934090F52,Email,.msg,69120,7702,4,English
6297,6,B06A9637D4FC565B78DB1D4E238AE6DD22B58002,Email,.msg,42496,5180,4,English
6332,5,B0D8A7187877A3FB44D57FC5771BD204366266DC,Email,.msg,192512,22192,9,English
6352,1,AB1B1ECF8E4AA5B599D6A9BE5599AD885935552A,Email,.msg,57856,4029,3,English
6366,4,B0DEEE9E119748B770C7892E22898A13F94FAAEB,Email,.msg,39424,4267,4,English
6395,1,A40B160AFC5DD237378D76C290804ABE49BAED33,Email,.msg,38912,3809,3,English
6399,2,B1E443D73B3E6A7F096EF6E481C521C5D77702B8,Email,.msg,84480,4173,4,English
6448,8,68E821EC5B731B9D6D282FF03FC973DAD52FE330,Email,.msg,74752,13304,7,English
6481,7,558264FB9D10450E0C5CD7D7D8AF6B86887F7390,Email,.msg,141312,7381,3,English
6550,7,A67CE94D54F5E8448F1C40B0BE02ED7408E4B0AB,Email,.msg,168960,17449,8,English
6619,4,48ACAE02440D5978A931F63C2CFA8629201E903E,Email,.msg,147456,7348,3,English
6644,2,ADC1DD4BEB5DE818FC842FBD9265F99C4B810ACD,Email,.msg,228864,20053,13,English
6702,15,C8492132F38C6A39B996E2960D432092CB0258B9,Email,.msg,122368,6923,3,English
6900,6,CDE760EF9CC5FAD21D1AB615EF1834C1487373B1,Email,.msg,40448,4715,4,English
6929,3,D1277F378C998C5425162F5C5E58F6F54D62A1B6,Email,.msg,40960,2296,2,English
7071,1,78E64A57C82BEFE20DD4222C461213AEC369DBF9,Email,.msg,98304,3599,3,English
7073,7,78F1B2A406733B4BA937B81D7AA72D700FDD684F,Email,.msg,83968,8734,5,English
7075,1,1F28C48F0CAEE7EC1317339B88221BC448A6B4C9,Email,.msg,87552,1646,2,English
7076,1,2B5DC713336635288841E813B7CB14FA99C500FF,Email,.msg,81920,1746,1,English
7129,1,21611CB890DDA52DFB5908A5059C1869B2A1E493,Email,.msg,128000,12413,5,English
7131,3,7ACDC760BCC4709FBE9E44998C1ED95E1BA2BA44,Email,.msg,101376,7778,4,English
7151,1,DC4862999E2EFFCDA74917ADB141B7AD4A47F587,Email,.msg,110592,6074,4,English
7182,5,DFA895D207FA13642D329EA36E0BB484F279E6EE,Email,.msg,45056,5886,5,English
7187,2,E02D95EB6877761EA5C8DC3E6AD0B114C1666F40,Email,.msg,118272,5722,3,English
7191,6,FEC20C0A7B72A0EB288432DA97C46A4A7375EB04,Email,.msg,171520,17703,8,English
7195,2,FF356CCFFBCC6C128E2CF48029EEC90D119F942A,Email,.msg,73216,11160,5,English
7197,5,E0875935E0C2C59BC31578A695F492306B5308CA,Email,.msg,115200,7877,4,English
7221,4,E2A17301F36ED4AFF56FC844E1A6F66450D43DA0,Email,.msg,124928,1091,2,English
7225,8,2318C283D68ECE98F2309B3B0F29DFE0B1690344,Email,.msg,144384,15185,9,English
7237,4,81766E579487959654C4A8579713A230532C9604,Email,.msg,37888,2497,2,English
7242,1,15EC535301868722711606A69BC2166EA19FE0DC,Email,.msg,110592,5539,4,English
7286,7,6075F27B052764E23D2791AC17E96D076EF633A8,Email,.msg,66048,5919,4,English
7328,1,2B9DBB7D2781A3AD6E7B1DB2D00E42863565D41A,Email,.msg,61440,13527,6,English
7343,4,7056B399CA57E19708FFE93D2E6E5F54314257E3,Email,.msg,1153536,6675,4,English
7354,4,6C8FD9902C5411FC94A8C5D76FC8668ABA1CEF86,Email,.msg,320512,5504,4,English
7382,2,2CFB0C362E657C6D3A9CEA581E17EC396107C93B,Email,.msg,81408,4762,3,English
7390,3,85FF5AF4DA950A7CD2D2F7764581560DDD838B14,Email,.msg,216576,5354,3,English
7440,6,61C90CC623CA1EC03B00211BE7742F4C34035EC1,Email,.msg,250880,6030,3,English
7449,4,93FA7CE61E35306A98DA2668F6DEA727886391BC,Email,.msg,171520,15099,6,English
7484,4,96D1FDAAFD0294EDA569AD6927C0E64A1667058B,Email,.msg,310784,3783,2,English
7493,3,4F15DE3CBFB7FB89EA6945E3F15F194437F3E458,Email,.msg,73216,2456,3,English
7525,4,2E8E14539F51BA66E768B26BF740CD2BA96E7547,Email,.msg,124416,1095,2,English
7550,5,98C97F4B347112C0233A577396FAD6BEDCBDF366,Email,.msg,141312,12030,6,English
7590,1,4FADB0156A5714E00127DB779841CABA8DA155FF,Email,.msg,108032,5983,3,English
7599,3,9C1E1152D1BD2F74FE01E8E80F8CF8BD21F89DD2,Email,.msg,36352,4548,3,English
7667,4,BF94074E38A6AC8A12599ECBC5372C78AF0996D6,Email,.msg,50688,3885,2,English
7677,5,C47DAFFA74B89FEBE1B5521DCDE1069BCA4DB2AC,Email,.msg,175104,15983,6,English
7679,7,C5C35B2F38D2883E639A3DB14D197814CC896DEC,Email,.msg,81408,4647,3,English
7680,1,C62C68CA666CCD3E111A5F9419B556FA54B76B0A,Email,.msg,486912,2121,2,English
8169,1,1C57C278F8C45FE3B0F1A33CF98FE5CA51A299C0,Email,.msg,46080,5334,4,English
8205,2,0FAA5D57A6F5A225610DE1BD4E14867CBC5066BC,Email,.msg,46080,6558,4,English
8442,2,380AD80892BC9EE27F1A58AC30DC010E925FA869,Email,.msg,110080,6928,4,English
8444,7,3952F5EF42840502F5CD002181B93EDFFB9CA95D,Email,.msg,56320,6956,4,English
8445,2,39B984FAEE893E51DF4A68CE20F82B37FF927F80,Email,.msg,80896,5032,3,English
8523,4,B56ABAB055DDBF07B3A033DD6B6925B71A103A04,Email,.msg,54272,4876,3,English
8532,3,0966056006A2FEA4339C242D3260F1A61CA3F8F0,Email,.msg,62976,3070,2,English
8576,9,2F5224E2A0ED9F42D819138503E0F85604BE0207,Email,.msg,107520,10838,6,English
8604,2,6BE07E5F70A40553BAB0A7DF0AE44F6C5FE5719E,Email,.msg,39424,2316,2,English
8642,7,51F3F6EC40F974555E2E416F359CAA2CB8F3F8F7,Email,.msg,157184,14193,8,English
8706,1,BA59DE70682B651D00247BC9E30286874F093233,Email,.msg,48640,1242,1,English
8709,3,30D386B5221504FC9A9F9FE94289B8F06DF37FE0,Email,.msg,44032,5112,3,English
8738,2,5242F10D036D8E620876F904A1245C8BA654F8E0,Email,.msg,78848,4367,3,English
8803,4,5284CDF890E438EB0FCC182982F1C7ED929100F1,Email,.msg,107520,12949,5,English
8841,3,0A1CC3C54C2A576C79AD715094139F004B8020F0,Email,.msg,57344,2703,2,English
8862,7,1BA0C256918EDDC14A88ABFEBF7AAB21C9CFDA74,Email,.msg,66048,5712,4,English
8874,3,709E086BABF65AD784706B6126BDB1C78114438C,Email,.msg,113664,5055,3,English
8957,2,E6B74CEFCC92E99C1FFDD9F5238ABE4254710F1A,Email,.msg,35328,2067,2,English
10042,9,0F54AFFAE338784DAE3E516D8145F7C011835B7C,Email,.msg,104960,13251,7,English
10101,7,F915BD190BC112C6C8AC594189A0981C452DCAA3,Email,.msg,100352,15521,8,English
10109,4,08C13632F6805FDD150E49F1CFE19EF475BC6B05,Email,.msg,125440,1094,2,English
10125,1,81393661B9B4ACD51735697F26AFF28BE4C9E590,Email,.msg,66048,1531,1,English
10148,4,642FC1CEAC657A3EDFD72B23C674B115A79ECEFD,Email,.msg,45568,4390,4,English
10151,1,E47A1A6FAFE596752B83AAFDCD8082E1E1220108,Email,.msg,98816,2005,2,English
10164,6,84021FF88BB1D9377D4296EF31C3801E8DC859A8,Email,.msg,172544,15408,6,English
10180,4,FEA5E8C0F61BC52353060A88AAF43D490B62F7BE,Email,.msg,37888,2685,2,English
10181,2,841B7EA55BB42B46B538FB803E42C2A1147FE784,Email,.msg,40960,1853,1,English
10204,5,7AAAA266C0F188516217D388A9AA2B3CDE0D4A63,Email,.msg,119808,9274,4,English
10222,13,85097DA3F595CFE103F72EF48D53548434AD710D,Email,.msg,47616,7339,4,English
10225,1,647071944DBC06C0D5620A965259454327572DBE,Email,.msg,11200512,2709,2,English
10248,1,E409E3B78C2F25E08E1EAB535BFD0C7CEDB7ACE0,Email,.msg,197120,5629,4,English
10257,3,11B3A18FF9A4E620D7889D17C6F7F0AE82DBB7FD,Email,.msg,102400,4243,2,English
10326,2,878DD4ED03FDA2826973CD17249C0AD9C622119B,Email,.msg,133632,5840,3,English
10374,3,7D9921727A055D04E0686CDF71D2D56731D77546,Email,.msg,47104,2557,3,English
10378,2,30678F202B968DF52DBEEA4D2492299E70065BD6,Email,.msg,101888,3464,3,English
10384,2,06700F73487995823E41C6C1F21A18CD926D56E5,Email,.msg,99328,3099,2,English
10423,3,C8D3368B95013D7A3D3833ED23BEF39F68228B6D,Email,.msg,46080,2703,2,English
10438,2,892A26F58683C97D4088D46B2B02D8842DBFBC9E,Email,.msg,89088,3702,2,English
10578,1,80DEF0BA4D0CA8EA7C820F6E3F4CC7143C77E627,Email,.msg,72704,5869,3,English
10651,9,0411A34A1DF6B50CC5E2E38A0B1FEE2C24820715,Email,.msg,128000,7753,5,English
10675,2,9C810B107D90B1A463CFBD13AA4E713FA46BD757,Email,.msg,176640,1057,1,English
10822,1,06A466B903ECCB70CACF6D3ECC0D37CC76644843,Email,.msg,35328,3795,3,English
11051,7,7217C8C3D1BD352FCB17F222C68377F80D337725,Email,.msg,174592,10911,6,English
11055,6,736980ACE027DC4DCAAF22943F5C5A359B1EF45B,Email,.msg,184320,17642,8,English
11057,5,CEFC4F1037F20B331AA934A5BE65AE0C76D0F8D0,Email,.msg,123904,10052,5,English
11062,2,760F56DBF1DE1D90543C71BEE2CE209BB1EF4B1E,Email,.msg,79360,20937,9,English
11063,1,764F894AD40FE918B6B09ADFE7DB7D4F97EB8CFC,Email,.msg,69120,7286,5,English
11065,7,776A3814924D00604654905CB1D4E7827E18ACA1,Email,.msg,111104,7137,4,English
11068,5,7804446D2EE78557657461D1E631675FFE712DB5,Email,.msg,46080,3136,2,English
11075,3,4526D57F96FC6230F46E3E9CBB05B22EAE787AAB,Email,.msg,48128,5267,3,English
11101,3,5ACB16B900F77541D8CA3574E5478C492DB4EBD6,Email,.msg,1300992,1159,1,English
11104,4,4B07F875E3438B2F2BD8E7277A94F53911F1118F,Email,.msg,194048,10057,5,English
11108,4,5C8382F21894E28971E5E8F93F9CE608B64E85AB,Email,.msg,130560,9190,5,English
11129,4,61E859577369C53F14C3B0D5394A1498AD6537F9,Email,.msg,45568,3878,2,English
11136,1,38E70258E666B70269D8768AD90B64A9FC3EA749,Email,.msg,56320,3307,3,English
11137,5,39249F5E6E0FA2A7CDFA41E63BCEA8C30393E235,Email,.msg,206848,6576,3,English
11225,8,25B320D49272893C6A40FC607DD60FD18881C941,Email,.msg,60928,11251,7,English
11227,3,2649CF6F2A7DBB98A2E81AED4F8EDFC1F43F0D47,Email,.msg,109568,3279,3,English
11235,6,27D2CC9C08A3946D24B91A4E3E046F00837FAE48,Email,.msg,62976,8769,5,English
11362,7,CBD3DF31D12A15E5804F5D82F1BE86EB5645A6B3,Email,.msg,124416,9521,5,English
11365,10,CE5DFA7AE9880F12B9ABCD3540A5021F013DEC52,Email,.msg,53760,7601,4,English
11367,5,D04183B7AC8C699AE37E1876B2078149F4DF063B,Email,.msg,115712,7708,4,English
11369,3,D1234E9D0041CB55E12356105FD1C3A9629B9054,Email,.msg,46592,4084,2,English
11375,2,D374BAC3910530927E2584001CEB5901BBADFA7A,Email,.msg,42496,2561,2,English
11378,2,D44B12516DD8BFFC903C0A0721C249B54B43EC2D,Email,.msg,39936,1869,2,English
11380,8,D542EDBEC37249F555E840110F524B4D97164C6A,Email,.msg,138240,10646,6,English
11401,1,016453FFBD96195AFE8F7D23A93639450EB3E2D2,Email,.msg,397312,4169,3,English
11415,1,D5AAC83FC841037E7AD0431A87D9F37B2FA4304F,Email,.msg,1235456,2247,2,English
11486,5,D8F1A41AB17629412370D81C8EA2FFBC9B874434,Email,.msg,109568,8824,4,English
11523,8,AA6ABE0D191CD3F9D27E5DF39B3C4B6567ED7175,Email,.msg,144896,10991,6,English
11540,2,ACD0EB15F06A93A4925BDC1E6D59B52B2C348E8D,Email,.msg,87552,1498,1,English
11567,5,3B8745C03F04CC3441E5ED839983F4C061048C5B,Email,.msg,56832,6859,5,English
11643,2,2DD2DCBBB9BFFAA75899E0E59B0CE2A8C28EF96F,Email,.msg,137216,4664,3,English
11703,8,B124574AB01BC0277DBB2FD14E854D458B7291B6,Email,.msg,137216,14611,8,English
11756,3,B35BDA17C88D139BD79AF0B3690386E3EC5A4449,Email,.msg,116736,7103,4,English
11778,5,6474C2DB4BF11BD945AC50C84D822CACCC8E0B22,Email,.msg,77824,4929,3,English
11847,5,5885C9B334F253937F7C8E354DB74E763AD7F0B0,Email,.msg,101888,7215,4,English
11868,9,B72FA7F5EA9FC5C0C3E6D0F4FD6436BE8AF72E1B,Email,.msg,173056,10454,6,English
11896,2,B741211E78B2BC975BF7699EFA5C91FC85AC5FD4,Email,.msg,37376,4156,2,English
11927,9,B7AB8A2BF4B7D35C4E5AE3D737915DB880F85E8A,Email,.msg,74752,4945,4,English
11964,8,0D189506FF033C72DBE273F4CC63AE2C674DBC3F,Email,.msg,92160,12246,6,English
11990,1,0D42A5A9EB1CC5A79112F0AE928680ABF18D7829,Email,.msg,48128,3132,2,English
12066,1,0CD159F2DAC4F5F14D3EFC67E7685FD20A349015,Email,.msg,86528,6196,3,English
12077,4,4F7012AD03A6C6E2FA136DF393654751B2596175,Email,.msg,44032,4641,3,English
12374,8,15700DCB96B88A0BF6B982B3841EA322FC87DAC6,Email,.msg,79360,13237,7,English
12712,2,0018DD1FFE86B8A56625CCDCB39E3876C117246F,Email,.msg,7024128,2877,2,English
12725,2,F8E840D75CDB781F94C154456A6CFCFCADE0BA77,Email,.msg,866304,4386,3,English
12761,3,E64A2B620DDB1555BEC626C1789C48EB2264014A,Email,.msg,123904,8012,5,English
12780,6,1A7504DFCE91A6F0BEBA77D7C482209A4499DB14,Email,.msg,119296,7608,4,English
12782,4,3C9129942D07C37A23BF6F01F99E90D52056ED35,Email,.msg,126976,1096,2,English
12797,2,3CA33F618E5271488AEEBEB94D707F13D0382642,Email,.msg,146432,7202,4,English
12887,1,9065FAE7714871D70B89DF0816D626E8ECA3C9D7,Email,.msg,210944,5482,6,English
12888,9,0A533AD7A0E4AAFA975AB52B33DD9BBAA9606074,Email,.msg,104448,9568,6,English
12929,2,931F5F634DCE8F75D29817E57DED10F2FC8EA812,Email,.msg,96768,6038,3,English
12960,5,128A03D993C29E789D13E8FA9F69C11DC238D8DB,Email,.msg,79360,7502,5,English
13010,5,BCF9811B56765E038605B8BC024047A6468BE3FE,Email,.msg,138752,6783,5,English
13097,3,6C533697BDC64C8DB2FEB37B88F15ABE6B1A7E53,Email,.msg,225280,5816,6,English
13106,5,B51F612F8EA6738CBE8DED8471C7DBE3534FF4C2,Email,.msg,77824,9680,5,English
13107,4,8FE1E05855ED36C076FEDC1FA157FA7AD87FCDE9,Email,.msg,275968,5744,3,English
13148,1,4017FD5DAF26CC9EF5A7F2B7EC91D928337AAE6C,Email,.msg,34304,1802,2,English
13150,2,A41A8ED282D00C7EE24AE3E14E7D351742C35C3A,Email,.msg,205312,9784,3,English
13160,4,6E72B014AF181F4010D6CAD45A87BC1C82C122E3,Email,.msg,42496,3830,3,English
13179,7,977E9F079C48F72845E2873C81A5CE0662AED1BF,Email,.msg,72192,4691,3,English
13190,7,9DC48A9DEEBDD2EF4D3562E3DD5457966CCF30E7,Email,.msg,57344,7303,4,English
13193,3,6ECDBE98D9CDAE5152A1DD7A129DA737480D6207,Email,.msg,109056,8006,5,English
13252,1,A07656EC7BE18A8DA7ACA73CC44F34B3BBBA05CD,Email,.msg,60928,2768,2,English
13311,4,A4EE48CABABB18D9034FACAA9A5B0B0111AB76AE,Email,.msg,51200,2102,2,English
13347,2,E0B8F61CD87FD74D2036D4C7472E4661015EC0A2,Email,.msg,105984,2749,2,English
14845,5,30109887ABE98C2976D643484B4DECC143C68E0D,Email,.msg,59904,4962,3,English
14852,6,ABBBA075F6BE6876F28082EFB36569155CB8874C,Email,.msg,110080,5668,4,English
14853,3,306EE5D7D45AA2320900D762B0E9C2AD1BB9A251,Email,.msg,40448,3375,3,English
14874,9,319E8AEE4E122292B23D4DE2C98FB5F23608A805,Email,.msg,143360,13048,7,English
14875,15,04B81D2963382D059B10E786B272995EED2D2BA5,Email,.msg,70144,6751,3,English
14876,1,B4CBC5730F1EC5191702256D453A342851F1A896,Email,.msg,104448,5018,3,English
14937,7,C03DCD1D1B934E9E89595DCC6AEC53CA52305FAB,Email,.msg,148992,14592,8,English
15242,4,86CF6585116E527AB784A0BDD93E2856592E0CAA,Email,.msg,125440,7306,5,English
15712,9,EDC32651F80EADE23FB99D996568B79CC070021F,Email,.msg,171008,12337,7,English
15758,1,F79EF5A87C770852DB4657301B47A9D4E6A6C7DA,Email,.msg,210944,5469,6,English
15771,3,F87673D1ADE0D854E324535C726165D661D84CA4,Email,.msg,50176,3762,2,English
15783,2,FC44F127EFB4CE18CAD5047B4D109DF8F8A2474B,Email,.msg,172544,12320,6,English
15799,5,FE51C3470A8DD3F181AC307F70FBFC6D8910B9B2,Email,.msg,50688,5719,5,English
15831,4,FFB1DC79127811F35EAF42B3525766FC2AE8CECA,Email,.msg,172032,6017,6,English
15918,5,0BA5CC143724B08942FFD14F9F3DAD9CDA295722,Email,.msg,144896,7695,5,English
15953,4,CE6DE52D5026DBEB3F7B407E4DC70CF97257615B,Email,.msg,1379328,1154,1,English
15956,3,8CF0C381D33137846CA9A30D73F2985CB9927F8C,Email,.msg,78848,7443,6,English
15958,3,18B317DAD487E2EB88772115461A7468CA384C60,Email,.msg,208896,6256,6,English
16160,5,975124FEA8546CDCF7CAB92F97C049E54278530D,Email,.msg,144896,6463,5,English
16240,3,9E3F519E5DB4902159162AEF83736234D673E00E,Email,.msg,36864,2359,2,English
16245,1,7C3F9266E404135DFB21C177D214D0F580BB895D,Email,.msg,51200,1531,1,English
16286,6,7CE9A3F8F80D36AD26D880BC6E0B79B77F422D2D,Email,.msg,53760,4945,4,English
16424,4,A0569299D72B677FCC1048E6286110ECBB4D64C7,Email,.msg,1059840,1163,1,English
16499,2,74CD3612D3FB0B2E3476D5AFE930E88B67A62B5B,Email,.msg,2877952,1069,1,English
16650,3,837BB7FBCAF46EAC568929889E84263EF67A6B65,Email,.msg,58880,3636,3,English
16920,5,10A93CB82CB1EB935D4766BFDF55F3F252944E95,Email,.msg,225792,7644,4,English
17444,6,3EC292DEE75AAB89BD1552FF37D5C8774FC69528,Email,.msg,917504,1151,1,English
17451,3,3EE4EDF1903F28E1B4B457C398C71B4D760CB60F,Email,.msg,60416,4365,3,English
17464,7,41C5687DB06A692E85252B4FBC02DA370F784B99,Email,.msg,58368,10183,5,English
17480,2,428B77B15404266A230E6F0424A614396F028EF6,Email,.msg,964608,4863,2,English
17502,1,45EBF7DFCA77ADF9E6D553DBA084A005D10D4B9B,Email,.msg,49152,3686,3,English
17973,2,4B8EAB85754A44126EC75956E5686C7FC8296FD7,Email,.msg,117760,8871,4,English
17994,2,589C95BBAA9BEF59E02B268D32175810A6F41343,Email,.msg,133120,8591,3,English
18000,2,5BCAE2983DB8CFF02E467275E0051ADC3EB67E6B,Email,.msg,63488,5132,3,English
18004,6,5F035D6703C1CBE52F399C058E4BCA79DEC7BA6C,Email,.msg,122368,9004,5,English
18005,5,5F545BA7ECEC4CE9D808DBF908FD8B4AE8ADFE6C,Email,.msg,77312,7067,4,English
18233,2,61AFA956DCD3E1D75A5B14F33487FE291821034F,Email,.msg,102400,3444,4,English
18500,9,D991EA9069208C06C6825EB6E609CE56EA76C583,Email,.msg,116736,8630,4,English
18521,8,DA03813A69CC06380596047E8BADFB06F1F41D9E,Email,.msg,154112,9651,6,English
18588,4,E25E1B1DA1F98F4279D3B1E1947F3334102232B7,Email,.msg,113664,4892,3,English
18613,3,6E89D988C975C0AAF2FEC15A63F4A48087F765E8,Email,.msg,103936,4945,3,English
18703,7,73845A018E730A492032ADB287C8C5A4E5DAD06A,Email,.msg,122368,10074,5,English
18750,2,77D7707636D99357CCA75273569E4F424620DEE3,Email,.msg,66048,1444,1,English
18956,5,E8B1F92E5D467F4F93627289404D8D3EE4F93BA7,Email,.msg,113664,8993,4,English
19042,4,EC1CFC3868C9CF7893C3C14BB48B17F0C82A9611,Email,.msg,71168,1752,2,English
19153,7,ECFC0A3563B91235220180D0510E3CD96F68EE99,Email,.msg,72192,4236,3,English
23324,1,BB57E87FCEBABB56A8F84D9FFE123D8CD6B06B88,Email,.msg,733696,5637,3,English
23333,5,7916B17EA2E4F09A0C9A902A4033A67554FED743,Email,.msg,107008,10313,5,English
23340,3,B09AA1E3438D718F6AE569A097D7EDFF5E70FB50,Email,.msg,51200,5273,2,English
23363,4,B291FB6EADDF6CC49EC3E7EE827BC35E933518EE,Email,.msg,108544,5568,4,English
23368,5,231C9334EA5DE05B211FDF863419087109259B86,Email,.msg,74752,2697,2,English
23386,1,00097CA5B8510FF74470C43A1457DA80007D43B4,Email,.msg,89088,1154,1,English
23420,13,4A1916FE397711E942A6DC61D672F756B1B3F362,Email,.msg,328192,22529,11,English
23427,10,4A7014B0DAD97919073470D740C1F69C09452F84,Email,.msg,70656,12681,6,English
23459,4,72F5C5C0351D8C6FEAB3F25C8F0C63D7AB63FDF7,Email,.msg,184832,32841,18,English
23466,3,2C7007ADD0432D1A89F401DD6A7B3D79A92AB4BA,Email,.msg,421376,12983,6,English
23485,2,2CA4D84061A14B6927FA4AE8052D59F184EFD34F,Email,.msg,60928,2919,2,English
23497,2,00C9B59B0A29D941B2C30FF7A767A862A0C43786,Email,.msg,101376,9244,5,English
23566,3,633DEAA319354A6EDC9033B2E7E63E6B7DD71CA5,Email,.msg,71168,6119,4,English
23581,1,07024627E9A87CD74DC46101CAE8665EA0AC0617,Email,.msg,142848,3150,2,English
23615,3,F414C93EB12ED379AD9F724F30027888929B9732,Email,.msg,107008,6604,4,English
23629,3,32D6C00FF1E952EF11B50BD278B164217A3B57D8,Email,.msg,77312,6598,3,English
23639,7,87CCA8240757D6E155575B9536AD38CF96FE8217,Email,.msg,83456,5216,3,English
23641,2,8EFB07A82FB537795A3B7DECA481AD18813BC9A5,Email,.msg,153600,2681,2,English
23681,1,32FF13BFB9272D572AFBAD4B2C293D688B661E0C,Email,.msg,66048,6281,3,English
23684,2,9C28CD97BF61E3F78A82C0C536F2938F49D67D18,Email,.msg,403456,13964,7,English
23691,1,A55DBE8C77EAF75A637356F402831FBAD7BFC69B,Email,.msg,8420352,1719,1,English
23700,7,64542D1B3915AE939B88A70F91F8B7F208390377,Email,.msg,126464,6570,4,English
23721,4,6A58DC468FEABAD5EC7680FE57FBCFAE26386739,Email,.msg,142336,6351,3,English
23734,1,7603B57CF6341ECA2D6B21DD65BB82B186E07EA4,Email,.msg,18059776,7571,5,English
23753,1,8FED17D22609A3EAC81430064EB1FED45307427F,Email,.msg,95744,4048,2,English
23764,2,E73168DEDFC4CEDA1715C34918EA3E11E621208D,Email,.msg,91136,2430,2,English
23800,3,E7CAA12FE1E48A6E973685EDAF0C105F90785A72,Email,.msg,50176,5273,2,English
23813,1,6602FC1B54AE96E2E53439186CD29D1325DA5420,Email,.msg,101888,4933,3,English
23816,10,29F02FAEA48F68C273614EEFE6A2C1B3067D90F0,Email,.msg,68608,11274,6,English
23824,3,E8D9AB07B8C709DC7E265CA29330475EB24F31B2,Email,.msg,57856,2593,2,English
23861,1,EB2CEA0052A4BD549DB089DEDFEC6A35D10A95C8,Email,.msg,60416,2805,2,English
23882,3,EB98B1699307D4C2A9DCCB12A07369E9C641BAB5,Email,.msg,74752,8141,3,English
23886,3,9CA4713008F407789E8325D1FDB37AC86679A89F,Email,.msg,88576,4872,4,English
23907,6,9CF06279458C58868B1C13AD59F0914234144814,Email,.msg,66048,5752,3,English
23938,13,6CA90FA72871DE7F1E6E5616A6A4C3453B0953C1,Email,.msg,179712,19726,9,English
23975,3,7B240B0A420F22012DCE8B421CF54D1056EB7DDF,Email,.msg,74752,5600,4,English
23977,6,6D583353E6C112C2032E7A1AC01469904F669D07,Email,.msg,117248,5699,3,English
23986,4,7B931DE6E05FB0732527F6422FAD89062FCC4DB6,Email,.msg,664576,9902,5,English
24011,3,516CB13240D6F37315DBCAE8FC562D28E80DE1C9,Email,.msg,184832,6326,4,English
24020,3,5185024EBD15A7C953935FA3059715C18EE17353,Email,.msg,90624,3835,2,English
24067,2,5CD685A380D669671EFC8A08366926579906F01C,Email,.msg,411136,13225,7,English
24082,2,A4654B4FA8299E85F66FA0BDAC100A5CD1F9BDA2,Email,.msg,136192,6228,4,English
24114,3,7D0F07035EA7DBDB3FBA94C20C52906CB397A86F,Email,.msg,62464,7563,5,English
24116,3,4AF27C9559CA277FCC7A6FE0522D16BF1B078470,Email,.msg,398848,7009,3,English
24124,6,DF86A4169027F4F8B420118DBE8CABE681E3BA2D,Email,.msg,79360,4834,2,English
24127,1,7C1CA6FFE646D316CFB42820DA1F88AA8BFD366A,Email,.msg,134656,4035,4,English
24141,5,9E1D8A734C46B59DA70FAB0D424807B7BA89FD97,Email,.msg,521728,6339,4,English
24179,2,800BE68ADA2A43638748931B11DC5C07FA52F61A,Email,.msg,37888,4413,3,English
24182,4,9E69BEBF894FD2DE45B049F3CF5F3A4B493E0809,Email,.msg,141824,3557,4,English
24188,3,42B2246B722B4E661DB4B17469943A05CBB9B039,Email,.msg,52224,4763,3,English
24224,8,A5E9F291E337ED673C128BEF10B05B0EAF3A89F4,Email,.msg,132608,5105,2,English
24237,2,AD3E51A014B01D3DDDC159AE1CEAC39B9D515482,Email,.msg,7049728,1550,1,English
24261,3,A655E5BF861D107F62060DAF297591C7BF6D8B42,Email,.msg,62464,7369,5,English
24267,1,80DCEE8E8484874AC9A45D70D7CB27A760FCAF0B,Email,.msg,58368,2786,2,English
24270,1,A69F31EAB6EC2EBE31780F37A4EE8DD90E5206D7,Email,.msg,128000,8790,5,English
24271,3,BCB46663BC6AC1147CBC3452DDBD6FC320387880,Email,.msg,46592,3518,2,English
24279,3,BCFCFF6890B9E061CD2D3A878C4093F44D14C60D,Email,.msg,210944,13053,8,English
24280,3,42EF537B8CA1EC247C3136AE01386631448A0E58,Email,.msg,1590272,1354,1,English
24317,5,BE3DB57EE14534D425127E291CC45BBEC408EF00,Email,.msg,174592,10827,6,English
24322,1,BE46B270A28D24C10D9E8DD5E0874732AFA98E16,Email,.msg,96768,3225,2,English
24338,7,BE6CA74D64A307ED0FE3923830459216522E6556,Email,.msg,110080,19768,9,English
24349,8,BEDD324045498464D4596085805DFBDD2680D865,Email,.msg,92160,3570,2,English
24370,2,C25EEEA6D23B2CF5C3FCBA2CE0FBDD8B332A35AA,Email,.msg,132608,5691,3,English
24372,1,C2970A3F19FA8A6C2B9D52AAA82918A8D982F7DA,Email,.msg,62976,2101,2,English
24386,10,C43E6A8696E186B85C113BB873A1A4084D27B1F0,Email,.msg,73728,13325,6,English
24426,8,325BBAAAD9F3BF9B7DF90D45D347CDAD8EF3BDB7,Email,.msg,111104,6139,3,English
24427,3,756D43AC3537E05B5B31790A068D9CBD15CE9464,Email,.msg,412160,6989,3,English
24436,2,CF76591273BFBA0C43B1B6B6ECB4649AC47B72BB,Email,.msg,160256,4202,3,English
24444,5,D299AA93AC129DBD5ACA432F5682063CDEB85233,Email,.msg,126464,6446,3,English
24446,5,D7601813A04356CEF2F97DC3D0044ECFB048FE8F,Email,.msg,112640,10292,5,English
24449,3,D3E8849879AA26A6911964CBB591C1F6F7BDA676,Email,.msg,44544,2974,2,English
24476,4,7CE2B698CEEFE0A1F49022E8306EB2731AC55B28,Email,.msg,547328,6627,4,English
24479,1,DA19C785A55725DA482BE6E0794C2720DED19D21,Email,.msg,203776,1665,2,English
24481,2,9FBD661526741B18936B3CDC46BF1550C34C4960,Email,.msg,253440,4928,3,English
24489,2,DAB2480096DFFA7EDF14C9C9B81D6A46E5ED46E0,Email,.msg,69632,4483,4,English
24490,3,9FD5980CF6DA3747D45DD69610CBCA44056C5947,Email,.msg,82944,8591,5,English
24493,2,DAD4765BFC24C4A5CB6F9F42A6F235074802417E,Email,.msg,159744,20023,13,English
24497,4,A04DEA8931E22503C6E438AF7D2EA0CD04C9196C,Email,.msg,74240,3074,2,English
24516,7,DCB58FA37FA58CEAB39A0D6896D2D71DC06A5DF4,Email,.msg,65024,6120,3,English
24569,5,05E3D7BCADEA35B3CFAC174DBD0C7FB46B0A673F,Email,.msg,78336,10357,5,English
24637,1,5B629056E3EEB9AB22C830A8FCB4D089A69FAA9E,Email,.msg,1020416,1309,1,English
24650,3,42F002EFEB273FB1B80F799C53E6EA2A673ECA7A,Email,.msg,60928,3609,3,English
24652,1,69864CEB4B53BEA7D451CE7F67830EA4AF0398CA,Email,.msg,12015616,1538,1,English
24671,3,7B14479EA454752AAB65E3CF32C46B04F53CC63A,Email,.msg,13117952,1545,1,English
24690,5,43C335D0E8D9FA7F2E118A6D453AD7147F2CCA59,Email,.msg,759296,16645,8,English
24720,2,EBDD7A5070F911AD0CC6B4D3A5671FA17BE83D44,Email,.msg,11847680,8346,5,English
24722,2,BB5BF4BC13BC472C7FA675B9BE2E4C7DA5B8CEB1,Email,.pdf,2037778,10745,8,English
24729,4,11239486DF89DB14245F632F5BF7A556F281D984,Email,.msg,132608,8128,4,English
24731,2,FCBA022949045920FE0DC02FA3A39DB2689CDD25,Email,.pdf,3083824,17843,10,English
24733,6,D0A2BB3FA1A617C610EC91D59CF1EF32409CE9B5,Email,.msg,1718272,14725,8,English
24756,1,1138E67C0E168F440EBADD7C0D63C0A30929DAE8,Email,.msg,145920,1795,1,English
24812,2,6869832E96DC2659F7F8681BA409E4C470F1C4D0,Email,.msg,59392,3018,2,English
24821,13,C5C467364CF235EFA4601B1BB160596E8C68BB6A,Email,.msg,179712,19968,9,English
24822,4,0334ADD329639D61B5F933D7B58D38DE6C63EFB8,Email,.msg,132608,7949,5,English
24851,10,AC7F0CF7215DB7F5A404C9162F38874F0D764A7E,Email,.msg,58368,9093,4,English
24860,1,AD568F2AED663CC5FF3CB923A4057DC8F35553EE,Email,.msg,75264,2686,2,English
24926,1,3AE41CE1A583254F58B7FA79F1A161C91500145E,Email,.msg,1500672,1453,1,English
24945,3,3F58F3C4E94654264B28BD9B77CCAB510766C155,Email,.msg,63488,7688,6,English
24989,1,72AB419F6C08974BE46D051FC0A4A26A97F6E596,Email,.msg,348672,3394,2,English
25009,1,4102292B583F0B8A264868683909BA76846D3E13,Email,.msg,7436800,2700,2,English
25030,5,CA7483BB0B6A3336B6D15F7589E013688C886A7F,Email,.msg,65536,5374,3,English
25085,3,C2FA66177D697E22C16F081C79E54EF94E0B975D,Email,.msg,48128,3568,3,English
25092,1,15CC8CABA859F7357704BF16E53423888E9BC2C3,Email,.msg,345600,6721,3,English
25093,4,C380A9073982497BDFCDA1D12638A181ACB6E832,Email,.msg,745984,10411,6,English
25103,5,F4E0F8A65824F05566775BD23096F44AD090C32C,Email,.msg,111616,10096,5,English
25104,6,9925CAC92C2803BB4CBE9385318FCF041EB0B661,Email,.msg,226304,6030,3,English
25125,2,F5CF01D84A3E8920F065A3CEAD0B087561EB4993,Email,.msg,116224,3530,3,English
25126,3,38B45AA13AE4D052DB76BC91701216C1F6C75479,Email,.msg,218112,1603,1,English
25135,5,F66F47D792AA74DD27188BE2FC1D8BB0CAF0C788,Email,.msg,747008,17362,9,English
25166,11,F8CBBF2CF0D74B3986176FB591D07BF51B2F2CC4,Email,.msg,115200,23699,11,English
25169,2,7D5023FBECB738A20DA2AF3A263FA83C7F692421,Email,.msg,59392,2286,2,English
25173,2,CA5E2DE53F98D383173E14FF50A91D6F0C2A5E90,Email,.msg,145408,12622,6,English
25195,5,52CC9454C06F426DC3B753967D9B5EA9B033D414,Email,.msg,111104,3315,2,English
25202,1,7E5C9A40AC003C577BA49E02B7B8E53942CE0FDA,Email,.msg,289280,3250,2,English
25213,1,FB6C5E462D88E360F48ADB9DE378BF5E748EC605,Email,.msg,48640,2050,2,English
25225,5,FB8633EF4BCD98C024AFB7BD07C98D3744E7296A,Email,.msg,655360,7752,5,English
25247,4,1F762E69520125FFBD0BD6094BD89BECED239237,Email,.msg,135680,8128,4,English
25256,4,68F66B4A1268468B6B69A26C0CA55BAC529C107D,Email,.msg,88576,4687,2,English
25295,3,B4A88F77D170D842CA2E4DC44524014901B18D06,Email,.msg,57344,2919,2,English
25303,1,D748E57ED9501415688B33E9A082E4E36AC2BB6B,Email,.msg,166400,3432,3,English
25310,7,B53124F64C79E3F6B60F985CD756A087EB90FF8C,Email,.msg,67072,5216,3,English
25335,1,E10E43D671BF096A86B7E47F32153CB705DFE17E,Email,.msg,1779712,2440,2,English
25338,5,5AA74FFABA83DE60881825761A65B22AFDCC1AA3,Email,.msg,47616,1961,2,English
25340,5,EA4985F206E0E4FE2DB93C2D2B55209D8540BC5D,Email,.msg,874496,3791,3,English
25350,1,D925AFB0709F4F4425FEF5B55DB5319AA6AD3394,Email,.msg,64000,2758,2,English
25381,5,D9F070E97E5ED054BF5A57E644FB8C6194D24FBD,Email,.msg,118272,6470,3,English
25467,13,89D45B4825050E06F2F229C5419CE22D0E48A4BF,Email,.msg,243200,20995,10,English
25482,1,217EAA06893C5D02A54D062444B9393CF862A519,Email,.msg,57344,2356,2,English
25488,2,53A3A58A0551787ADC938FF186195B43B0F984B1,Email,.msg,408064,10562,6,English
25493,1,A42BB5C95F44D98C54AC894AE80C8B4577839B63,Email,.msg,107008,5461,4,English
25513,6,F4C4629E358EDCE066C337D84A4D42770FA7376B,Email,.msg,218624,6065,3,English
25534,2,30A225C8550AEF01CA90F7CF477BA47423F8DC80,Email,.msg,106496,3550,3,English
25538,1,288200D88D98F424AA246C705744F3E364DDACF8,Email,.msg,135168,4035,4,English
25563,8,8A7089FA328A7A9616CC03149BDFA6C88A08C109,Email,.msg,92160,3747,2,English
25586,2,8FEED63103447470450AAEA75C1596DA04DF81FF,Email,.msg,51200,4257,3,English
25626,4,90BA83EA35D38B5B10D5E2D456349DE24C827F18,Email,.msg,679424,9902,5,English
25631,15,C8F1B1302378B25F49510C5C5E51FB7E28C48CBE,Email,.msg,98816,5639,3,English
25633,2,9839CB0E230AAE5832438A95734D9C535DF66638,Email,.msg,95744,5492,3,English
25664,2,B65E6087711F5A8A211FDA62272169B517BF0F56,Email,.msg,117760,4022,3,English
25679,2,98DF80BAF6E91C64185A9DFB76042E3F8F4D185B,Email,.msg,64512,3471,3,English
25705,1,F4ED4F13A29D9751AE67031B6A2F38C4935C2545,Email,.msg,299008,1527,1,English
25707,1,42DDC19F2CF4A555CE4369BFF74B3AE7CA0A431C,Email,.msg,23036928,3026,2,English
25713,3,B85E94807001605472810B57942F133A36AC7C8C,Email,.msg,169472,12713,6,English
25746,13,98E8646FD7464EDA3336008DF3FC36045C46DA62,Email,.msg,280064,22157,11,English
25755,2,19F92EB7CB3036EC2E82E63E9EC9B9E0DE7883B9,Email,.msg,49152,4614,4,English
25763,3,99F66886EC08BBD21060F06A59499AD427E117CF,Email,.msg,46080,1735,2,English
25805,1,7BCC317E5386D38673DFC980C128C41A0B345838,Email,.msg,257536,3749,2,English
25849,1,57D84FB7B0DFFF825128D92997F5E9DC1E907E9C,Email,.msg,53248,2556,2,English
25882,1,510CE1F79B0995A8ABACFFE9815C400F2A1B0328,Email,.msg,521216,4931,3,English
25922,1,5BA427B0AA1D3045D870292228B747066EB66E9A,Email,.msg,1022464,1536,1,English
25975,4,12531326939BA699F5C8E183B82AF75E95B6A7E0,Email,.msg,183808,33561,19,English
26002,3,54F3DF940CB9959636B3729825E903AAF00EFC0A,Email,.msg,143872,5686,3,English
26021,5,CA0E5CF3C65646E78F976E1F4AD5F379D6447FE1,Email,.msg,62976,5780,4,English
26027,7,CAC367903FE66C6ABBD1C02FE4799A85544D3359,Email,.msg,126976,11261,8,English
26044,8,CC05459754F9C1F3C89C042B926957D0C7C53828,Email,.msg,122880,21181,10,English
26056,4,CC1EA68FA0757E88C765445A43BB2E3966393675,Email,.msg,126464,13416,9,English
26057,6,C4A2332AF3311AFE7C4A7BDCF8DBE345D7B242EA,Email,.msg,58880,4680,3,English
26083,10,C5FF2EE05C09C063314A1C73763C72CC9552293C,Email,.msg,72192,12895,6,English
26088,1,1112090298E79A10A93D88FD0F17E54F5C773583,Email,.msg,95744,4721,3,English
26089,7,C6C5365DD3EA7D13D5EC4FFCDA9E7EEACC3EFC67,Email,.msg,124928,11240,8,English
26109,2,EB03A2FEB076A40228CB81420D0B5DE5311ADC8E,Email,.msg,826368,15211,6,English
26173,13,1CE4774DCEC9CD7E32EFFE451A5070A19A7424DE,Email,.msg,331776,23207,11,English
26215,1,3A0876ADB6C4BF02150B01D1D01949DE8D829834,Email,.msg,1748480,1400,1,English
26219,1,448FF2DDEED6C85740D9E28D5F5EAD45DCDAC7E0,Email,.msg,256000,3280,2,English
26266,5,7AEE5BAAE5DD1E9644997DF733E855216428912D,Email,.msg,162304,11100,6,English
26276,3,0A0CC5FA2F3F14C934D1DF51B7E48047298618AF,Email,.msg,209920,7304,4,English
26284,3,CBDCD819159835D44F726D76E7C3DBBDE07FB48B,Email,.msg,54784,5319,4,English
26301,1,16A4162E88DFA58A2A339F24BA2E7446CE249FD9,Email,.msg,122880,5971,3,English
26311,3,C9023ACAF26766B9DE80FB0402E683EA64295EAE,Email,.msg,1589248,1334,1,English
26313,2,CC8403186076CD11BBE93F571E98C76AC143A381,Email,.msg,43520,3552,2,English
26322,6,258F8B058351069007F4B731DD7354FE4867CF98,Email,.msg,123392,5735,3,English
26349,4,18D363926BD22C60B9C8B06BFE19666984D60C22,Email,.msg,1427456,8609,7,English
26418,5,1AB693F819417CDF619A4ED7991F19EAE9CD4D45,Email,.msg,733696,17042,8,English
26433,6,1AF9B707AD44B33BA34BB4CF478A8E237B1D3AE6,Email,.msg,119808,6446,4,English
26443,1,35EFB32251FB1F0692398D532A194F6EABFA89C8,Email,.msg,104448,6715,4,English
26493,3,F1486389BBBCB4CD7FEF4190E7A20BE73EC7C2BE,Email,.msg,60416,3305,2,English
26523,3,5EFFA0CADA844715F9B5429482CDB2F83626AE47,Email,.msg,44544,3703,2,English
26530,1,F2ABA1B47A1ED7A873ACB091DD3D6944EB2919B7,Email,.msg,42496,2423,3,English
26547,6,F4398F9626848FE5B4F9F93C18E2C7D2075FC02E,Email,.msg,756736,14004,7,English
26552,6,5F77CB4DFF7252FF14EC7F9CCA39EFFA66EB674A,Email,.msg,121856,6349,4,English
26554,2,734C10EEB185CBC928A5451E969CFD5CD6D98CDF,Email,.msg,41472,3065,2,English
26562,3,F69E25D883DFBFEB523BEE44ECC361D3DADFA5AA,Email,.msg,49152,4504,4,English
26608,2,2E6AC22E9824707C2CEB4C7A9E3732B0F3797F1D,Email,.msg,181248,12861,6,English
26613,5,73CFEE87F869209F2012A7EDEF3578AB96D5297F,Email,.msg,741888,17383,9,English
26621,5,561731D7A00C090033797C07CEC4963FE0C6DD5F,Email,.msg,754176,17319,9,English
26625,1,EB146C21497F2F3B014E687DE368D63444B76098,Email,.msg,7437824,2721,2,English
26634,2,D73944919D6836F259E5CF50F3C4DC1BBF623DC7,Email,.msg,125440,4365,2,English
26660,3,ADFC42D72703517DA941451DFC090704E75B427C,Email,.msg,78336,7270,4,English
26669,6,AE50B42E20BCC11331FF635AE209BE13ABEA7F91,Email,.msg,50176,4110,3,English
26694,3,3E1F39AF582970314C3DE51BD26768C26048CC18,Email,.msg,85504,3784,3,English
26715,1,81A9D527846C168DDF13DE4CF34CCFF70349531B,Email,.msg,3432448,6453,4,English
26717,2,E0F5A66A9E5E2B379A488C59302783834DF9D714,Email,.msg,11842560,8652,5,English
26720,2,4721E59B2ED6D312DDDF02890AEFF401E33876F6,Email,.pdf,2037778,10745,8,English
26734,2,FC55EFAD65057313F58F57DA163C4862EAC5C13D,Email,.pdf,3083824,17843,10,English
26783,1,02545B45922219AE6BDA9D866CFA05DBDABF60AD,Email,.msg,50688,4022,3,English
26799,2,FFB96484506F62FDEAE3911F599A714E3090DEEF,Email,.msg,429056,14801,8,English
26819,1,2A0C469292B1DA670643669472068BDA119D19D6,Email,.msg,1929728,1529,3,English
26836,3,4B9C79487F411D81326FC09A6A91FECAB8A0F4B3,Email,.msg,563712,14007,7,English
26858,2,81660E5AE1EC6CEF599D8C401C525E5B406A40D0,Email,.msg,94720,5791,3,English
26868,1,B36BD6A8846D7581CD7683D116D85ADDC87524E7,Email,.msg,584192,1172,1,English
26922,1,B28685EAAFD393A6F7D5F6D966373E8602E59A7D,Email,.msg,1929728,1529,3,English
26952,1,AD43DD1C92EFF23325A26FC108B3289A3B2E36EE,Email,.msg,52736,1104,1,English
26967,2,61DCE350496D6C80D86E01B680F8DEF74A69D9B1,Email,.msg,143872,2660,2,English
26968,1,4DF3A8601F8128B5DC2B7E4D09013537B87934F5,Email,.msg,75264,2343,2,English
26972,8,AD5A33B53F5926BE747D3B18BAF17E0C1EF059C3,Email,.msg,48128,3744,2,English
26976,1,152900D047A04B642C4E95B645A5D05649480DD4,Email,.msg,323584,3318,3,English
27022,1,ADD72DA091A80566D30F8A7DF17D1E80F201019F,Email,.msg,108032,5387,3,English
27029,1,0214CA4F4A013B4EA95A8708B0D87C2B7767BDDE,Email,.msg,1459712,3755,3,English
27072,1,57B5C8B00C8AFC5799C428829CEA4B7F2A35A2EE,Email,.msg,1264640,3171,2,English
27126,2,09EF7F8DF2C293575AFE107C73834C0383CAD132,Email,.msg,142848,7413,5,English
27224,2,5E540CD4BA72C73FA37E0CE201E8E5E69DEFBB9F,Email,.msg,50688,2630,3,English
27262,1,A2E4F7AEA0BDE78A1717F3A1E4267052BB328D12,Email,.msg,78848,4519,3,English
27271,3,A3220B8B6091D77F57081CD60EC9FAAB080F6654,Email,.msg,84992,4047,3,English
27280,5,60968DAEF944AC41855113CF8489823BB7DA88C4,Email,.msg,54784,5664,3,English
27282,4,A40CAEF0F001686B3C84E4E72BD345B1D6B5C04D,Email,.msg,146432,7691,5,English
27329,4,E08B70B1FEC90472F8A2878C639755E37AAEFB41,Email,.msg,206336,33022,18,English
27349,3,BAF65DF66064E3210D8B8D6EC84069E7E2E50E7A,Email,.msg,3184640,1070,1,English
27353,1,368BFC7BFC7BC6D51127F5CF5DA9D0C533C70BD2,Email,.msg,23045120,3026,2,English
27354,1,E34B85AD7D801B6FF39063D0312B4F1E5B68CDC6,Email,.msg,45056,2708,2,English
27406,5,56881A09DE0065212AECD461E6023D9665B2D364,Email,.msg,729600,17295,9,English
27440,1,412CAC4B7559B0B9976B2E9C4C433404A61B3F4B,Email,.msg,158208,3142,2,English
27463,10,4EA5D853E7E5A0F989ED185A68AE8121018BAD15,Email,.msg,173056,20701,10,English
27553,3,81281D266B70ADD849FA56DF77A9147101A988A2,Email,.msg,48128,4414,3,English
27556,1,9098FC27DF1F4F85AAB2EF77221FA82C7ABF0DEF,Email,.msg,8422400,1719,1,English
27595,7,45C8AC192FB9ECD6AEB68202971E1BACEFA5ACF8,Email,.msg,136704,8289,4,English
27597,10,5C453D8F9C82444E15D04FC6300612CCBF7CDACB,Email,.msg,179712,20680,10,English
27600,7,82E7E58721B50030F42C11A1EFDF1A388E948A2C,Email,.msg,80384,7240,4,English
27634,6,9BBE967DD330AF72C77ECE417E1FECE18239EC18,Email,.msg,211968,6030,3,English
27642,13,46857E4806CD88CDF88BF4C5560EC685F3D71CED,Email,.msg,248832,21285,10,English
27703,5,84962F965404606B0358486753F49CBE0ECFFB49,Email,.msg,48128,2127,2,English
27713,3,84FD790F559A5670022310063295FF060D356051,Email,.msg,86016,4363,4,English
27724,1,1E9A2A0D422FDD33DA010C239D9200C17C5B7E18,Email,.msg,40960,1878,2,English
27749,5,85EDA88DE5D085B763FD4D83EAA98393187EDDF4,Email,.msg,381440,7679,6,English
27763,5,0B6F075C1954495D8B989CB85CBA80EFEEC6BD02,Email,.msg,54272,4769,4,English
27805,1,86E195CBFDDC41BB37F25A99DBEE0764B5688E8E,Email,.msg,540160,5517,4,English
27830,2,86EEC795849C0474B62D799799CB079826654CC4,Email,.msg,37376,4171,3,English
27867,3,BB29D797C4A585ED6C13A25962B496D9CFCEEBF3,Email,.msg,128512,3383,3,English
27878,2,89176D777CAF2AA7FF1C50A4E038AE800DB1EF46,Email,.msg,185856,13416,6,English
27886,3,89C1D62715C7F105C1E2378CCF636B7A9137BEE0,Email,.msg,72192,3279,3,English
27980,3,E3D435D316B65A2CA7F8C7C7638E61B4DEEBFFBE,Email,.msg,50176,2367,2,English
28013,2,0B20C76646B3376C8A9226A06C82EFFDF5F5FC71,Email,.msg,553472,1632,1,English
28035,5,B7C18413096747C456E47FFAFF2AF72E5FADC7FA,Email,.msg,101376,3335,2,English
28037,7,653215C565C29B017F339A6E67DBB2A0CB135539,Email,.msg,124416,6039,3,English
28042,3,F7109D7A91ECCCB2BBDF23C36EB1A6A6F774033F,Email,.msg,87040,6002,3,English
28059,6,6270EE3C40F53FA1EE477954B4E1F3776F99636B,Email,.msg,1265152,4974,3,English
28072,1,035A92873840149C9AFEDF21FC6727DB39F6A9D4,Email,.msg,273920,9718,6,English
28082,5,E4A91529F20FE58864BC7CB8C63B8EF0FB8808AF,Email,.msg,601600,7992,5,English
28083,2,0497F19854BD48DD1EB949B5A5CB68ECD8427C24,Email,.msg,7479808,1499,1,English
28093,1,F7B13CFC106FD1D3C98BF6FBF68FB406B739AE02,Email,.msg,54272,3380,2,English
28097,1,C824171B97CA0AF643A2239A8A8183D26ACFBDB0,Email,.msg,1210368,9855,5,English
28122,1,1CDEBEB43A0A2DC7867EFEEB42E0A978BAF57CB7,Email,.msg,1175040,2029,1,English
28134,1,D4CE1B18BD86820C42D34581A3BF8A3B8A388679,Email,.msg,77312,2152,2,English
28163,1,14A599EA3A121186FCF6279C4F6581BA677206C8,Email,.msg,3633664,4241,3,English
28187,3,8A5A72AD750451B235754669E60C1DE706CA1390,Email,.msg,48128,4119,3,English
28198,3,D4CE512A2C19AAE16AF8359DE2B086D41E942621,Email,.msg,524800,14405,7,English
28214,6,92E8B9691F4487699A8A68F5D6D6A37B1791F6E0,Email,.msg,118784,6329,4,English
28234,1,05308037D1D8FA1C1BF8077BFDC325C0DF0BF8CD,Email,.msg,468480,2121,2,English
28255,3,0080E83D1D85B4D1C2DCDFBE09560D3F4B310575,Email,.msg,1600000,1334,1,English
28282,6,EACDEC69EA9EAA25231EF1635E651F041FE7D458,Email,.msg,102400,7353,4,English
28288,5,D5822C6228E7661DC26D857F839493BE86AD429E,Email,.msg,67072,6869,5,English
28289,7,27C0A94B1BB6215DC99588078FAFE32BC5E7ED5E,Email,.msg,155648,6015,4,English
28306,2,AAA1BDBE88C1D559576FCB5D06DACD8AC240C778,Email,.msg,144384,1758,1,English
28315,3,1AE4BEA42F6C1D3A145B5285A5EB8A42E66E39A1,Email,.msg,89600,5808,3,English
28375,4,D3730253B0E21E5B3123A41B6481EF5CBF018646,Email,.msg,150528,6351,3,English
28390,2,34F888219D058AB1FB90674DAD422ECB8E364108,Email,.msg,78848,6443,3,English
28399,1,EFD21000F21E4536273F54978A91380515BF5E67,Email,.msg,95744,6927,4,English
28438,1,F86B29FB3846420CB0C55246394D30B0CDB4721B,Email,.msg,86016,4513,3,English
28458,1,7E793F120C870D55735FA124F4DAEA16DFEB7F18,Email,.msg,84992,4519,3,English
28459,3,D6019F4E12760005590E62026F3FF7978130E556,Email,.msg,69632,6120,4,English
28481,2,1B89460CB1D63E8DA38646AB2629E9A7A80E319F,Email,.msg,60416,2858,2,English
28535,4,8C49A89730ED580B90464A9D0E2D47F1AF23C04D,Email,.msg,3136512,12346,8,English
28544,2,65749E4859BB236A4E78A6617F5066C8A6B94FF5,Email,.msg,57856,3035,2,English
28545,1,B8A4E7EF2CE4DAC47998FE82D902AC5E603E9EAC,Email,.msg,92160,2690,2,English
28547,3,6E434020AF718234D0062D53AFCD3EE24F22253D,Email,.msg,63488,6450,4,English
28562,8,4CE6B99DD36755EBFE3E65040012FB147205C1A1,Email,.msg,92672,3778,2,English
28604,2,EAE40533A08F338FA06040F0D1B232BE1FBEA630,Email,.msg,50688,1608,2,English
28644,11,4D2613F2B3DC16003633ACC59447DA45FC78D2CD,Email,.msg,110080,23932,11,English
28664,3,B8F4EF9FC597970ADC938689CAECB4BA3BBE9AAC,Email,.msg,56832,1588,2,English
28678,1,09735A053DDD0A14AE77A466D210C2F83A932FA3,Email,.msg,1012736,1329,1,English
28679,1,3D0F253C31053A52D40A6CB624D0F268D7630422,Email,.msg,92672,2710,2,English
28700,6,6DB9CB9FFC75DC9836F776CFAE5F717C7B36CA50,Email,.msg,4648960,19415,9,English
28712,10,F0E4488B39E5487832450EDB9A7F3FDC9A33E539,Email,.msg,67584,13451,7,English
28721,1,0BA6CC9C025829764472E917636A9B100AC82679,Email,.msg,297472,1506,1,English
28725,4,244D26326887918D800BC2E187006FEF5B789229,Email,.msg,71680,3248,2,English
28733,6,D7ADB1EEA8D95297D662B489995E408336072DCB,Email,.msg,80384,4992,3,English
28772,1,36C8A64BF0861131AEF575FC75408419FADADC1F,Email,.msg,96256,11569,6,English
28777,10,B9143890DBBE146C616C5AB2809E2B0A8CECFB02,Email,.msg,78336,13346,6,English
28815,2,87ECA3CE873E69C2C1266D3870E659C94CEF96C4,Email,.msg,4983808,1477,1,English
28901,2,5A82ED240432F50415820B2F1F98FE14AA920572,Email,.msg,216064,14964,6,English
28930,6,FD8BC52F766E56D5547B36A3D0125FDE1542B06D,Email,.msg,51712,4278,3,English
28957,6,E6754BE0AFD5F959BD226B6F00B664C95A071BD3,Email,.msg,69632,5499,3,English
29017,4,EC820FBA2F349AFFE48C2FC2AC40C1839E4FC069,Email,.msg,101888,4166,3,English
29035,5,F29B0DAA2E225ADB4F15E4F1A9A30F26D50C9335,Email,.msg,395776,5393,3,English
29040,4,FD95DE643AF40775B9D2B3385EEAED38A8589F6A,Email,.msg,66048,6538,5,English
29042,3,13CE040AA742067FF26A67524824B7E5651C5AE3,Email,.msg,498176,6891,4,English
29049,1,A04CD619F8FB074828EBFA5FEE687AC41E91F1D9,Email,.msg,72704,1053,1,English
29067,1,E35744B5F3FBB83670DE517001E95925957BCEDC,Email,.msg,14463488,7780,5,English
29068,5,196D4499D4F3998450FD5BBED1A0619D5C570670,Email,.msg,61440,5713,3,English
29079,1,6ECC708A4C6B8B440332B55F878261466BDC234E,Email,.msg,189440,2970,2,English
29082,1,584FD03D20B675B9A357018F5D1329FA95BB8354,Email,.msg,260608,3260,2,English
29096,1,B9B9F12721ED382C3651CE1786B75560E7831F44,Email,.msg,235008,2114,2,English
29101,1,55DE1DE18102FC4F3AA7A6B3422B7D68AF5C92D7,Email,.msg,46592,1624,1,English
29109,2,1BACA37564874FA8478A5102B507EEDF81FBA0AA,Email,.msg,74240,3491,3,English
29120,4,5A86888AC0DC7ACFCB7C25DECC539BA1DA314390,Email,.msg,558592,6627,4,English
29149,7,FDA1D5414C27B61F165FC9BA757B57F59857D3E6,Email,.msg,116224,7162,4,English
29150,1,24571DA7A6AAA5168B91D018F8D40F34FFB728B2,Email,.msg,167936,7223,4,English
29163,6,CE4948F8ECE6AA94F2B419E48179589CBB8225AF,Email,.msg,75776,5520,3,English
29175,1,D8B6F55053C99838E88759D8CC8C5C1C244AAC99,Email,.msg,69632,3057,2,English
29256,3,FE1392A030D7CB83333477215B22BE15D186441B,Email,.msg,45568,3567,2,English
29303,2,6EF6D2D25775BE8419B1BB54C9AA7697FBFEB9FC,Email,.msg,145408,3979,4,English
29363,13,F386015A0325AEC92A49E3BAFD0F8BC823C8A22D,Email,.msg,113152,23635,11,English
29371,2,06D62F2855AA4A758F824804A31457B3427762D9,Email,.msg,69120,4253,4,English
29376,1,B5C7394E16F1A2BE7FCB746C7C5D06A731DC6671,Email,.msg,53760,2557,2,English
29382,1,1726C690267CF43E10D23A3939E5995AA51C60B8,Email,.msg,148992,6523,3,English
29395,1,D97F30B67D38BBB9CACC7BD53C4D1DCFD804D419,Email,.msg,65536,9721,5,English
29415,8,636249F7954E2E51BCA370A5F85408106F9BE2DA,Email,.msg,48640,3802,2,English
29428,3,BA227CA0C2B32B591EC12DE71DCEF9BF30C90ECF,Email,.msg,3184640,1070,1,English
29435,5,EDAB9409B34C7BB471A0E75E4FAA73A0962A1941,Email,.msg,49664,3857,3,English
29459,5,AF95440E5192ACA7D776B77BF60F3029BABB8AD2,Email,.msg,126976,7031,4,English
29470,1,F38AFB1B08DFE8081E4E2BD915A724FD67BC4B3B,Email,.msg,105472,3205,2,English
29471,3,FE3B18C8758601705C3D4675EF01D9894C93CA7E,Email,.msg,93184,4430,2,English
29503,11,D9FBDE62DBECC71B5C6620866C8F81A79C5B53A8,Email,.msg,117248,23911,11,English
29512,3,920EC8D018A3824FE21AA3DCCB8BBF4021D31D24,Email,.msg,3185152,1070,1,English
29527,5,146C22EB23DF6AAB73F6CCE9A2A9E85D11C5B63F,Email,.msg,69632,7200,5,English
29545,1,0FDE526F6ED8B10CF09AEABDC0B815B02B469D22,Email,.msg,80384,5653,3,English
29571,2,FE7BA0CBBAEDB7EE5038234BC4A81D4BE8B27606,Email,.msg,207872,13354,8,English
29578,3,78C67C83C9B4E1252AE163D64854959E3FCDC8BF,Email,.msg,48128,1749,2,English
29599,1,18CE3BE176F659F83ADEBD9E0677016206F6DF86,Email,.msg,349184,6741,3,English
29620,2,A1346E9E6B944DE5E82B16EBCD67A4A69BCC507F,Email,.msg,140800,1778,1,English
29629,6,8C64452AA8E2BA9817540EAEEE2E619B9AC24B91,Email,.msg,55296,5752,3,English
29665,1,FE868E330DF2A8135FA581A6A1F71BEF355C231D,Email,.msg,89088,3126,3,English
29679,1,CD5DB22C65C85E6806E803AB9E476F46BC2D7DD1,Email,.msg,122368,5971,3,English
29692,1,B5EE497C7B7AC5D9A3C5E804C12D5623EF70F350,Email,.msg,77312,3685,3,English
29700,1,4DDA6B7DE1EB47AE71C103E512882490C8DD6036,Email,.msg,1737728,1400,1,English
29711,1,2F6D417B2A60F151344EE84E44BCA8B88240CA7B,Email,.msg,208896,1947,2,English
29714,2,14B6F829212D23290B1815A304F852500928142F,Email,.msg,65536,6241,3,English
29733,3,2832BD408378ACAA3A26174576564CD32D25EE56,Email,.msg,89600,6214,3,English
29801,6,FE721CE4B93685D92BACF64D2C65CAC0D93D53B6,Email,.msg,4647424,17170,8,English
29816,3,84130E90DD7DD0F7ACC500ABD353EB23D54E8A42,Email,.msg,230400,8504,5,English
29825,1,EA2904EBA14AA2E4E8A78C8B9799ECC36118AB12,Email,.msg,58368,3533,2,English
29849,1,6726015F75F1042195FFE1C37D8B8CC1F23BCD87,Email,.msg,738816,5617,3,English
29851,4,FF02E4DEC5CB44C2FCADD2685105F027DEC20418,Email,.msg,73216,2881,2,English
29867,2,CDE6CF985413CB1C5FCDC2B15B119B05DB91C0F4,Email,.msg,45056,2600,2,English
29892,1,4EFDE02E099041EB878E978E6FC9DBACAED04587,Email,.msg,261632,3729,2,English
29899,6,D9C0260157784D89F003F855561783B21D062954,Email,.msg,223744,6030,3,English
29913,4,64D613C36B83DA0A4421DE961856EF6288A55FD8,Email,.msg,129024,3558,4,English
29931,3,8F66964D99E0CB6D4728EB97AFAAAE379C0C74FF,Email,.msg,136704,3227,2,English
29947,1,249A7EEEA07E2076896A634C04E2F6E7B048098A,Email,.msg,230912,2180,1,English
29957,3,10C7C0F525D649CC60690AA01B9EB8911F3D9744,Email,.msg,76800,7115,4,English
29976,3,949DC411233086EA3252189D036A9D61B50CB89D,Email,.msg,138240,3248,2,English
29998,2,283E1776FB6022769D26F2EDEC2E8B5637365330,Email,.msg,503808,11795,6,English
30024,3,1018179691230774118841687851AD418C6E8838,Email,.msg,75264,5620,4,English
30068,1,993E60F250A69C5DDCD9E66241EECA92867DDE03,Email,.msg,1782272,2476,2,English
30073,1,8DBEC58AECC3FD8CEF4A8F81473C20073BA4C8FF,Email,.msg,72192,2007,1,English
30084,1,2473CC9B7AC6DA101666069E00E9664B8473E394,Email,.msg,49152,1338,1,English
30092,1,E8F3073554CD24856A88B033A975BEB512ADB880,Email,.msg,167936,2552,2,English
30118,1,24C53E3088847AC2E62770362C2B19A4BCEE5EE4,Email,.msg,180224,7302,4,English
30131,2,9E00FC46929A4EBC02DC0E9F006F6769FC0FF9F2,Email,.msg,11836928,7016,4,English
30143,3,7FCB5BED136A5F3754F6FA2AA2F93198B5BCC97C,Email,.msg,50176,3518,2,English
30171,3,C4D183AC92C15EE587078C21340B421DBC2B48BB,Email,.msg,3184640,1070,1,English
30195,3,E80E8C0D3B650DFBACC702DC36BA5B326F6EE74C,Email,.msg,565760,8638,4,English
30255,2,3599AE8F5504280AB1F66DE1FD6B8D70EA7D99A8,Email,.pdf,2037778,10745,8,English
30256,3,4FBE06471E20D8CA36F826798C05BE231965FE7B,Email,.msg,62976,7154,5,English
30268,15,28825D0A13A6DDED1B70D2021B149D2549EA954B,Email,.msg,108032,5615,3,English
30337,2,D6125ACA6B9B0F7D9499D6BA5626F48A66F38F9A,Email,.pdf,3083824,17843,10,English
30348,6,EA0AA736147AE48A6EA9D60B8203484A368D73BE,Email,.msg,744960,13920,7,English
30361,10,9727BB98DA42A4E7538D7854E3088E0303FD5E43,Email,.msg,77312,12916,6,English
30369,5,D0619DF4950BE92A10CE31D1E574DF80E70644B1,Email,.msg,141312,9563,5,English
30374,10,EA5E2ED872D8BA44D31E4AF1D2C000905F84DC19,Email,.msg,92672,12701,6,English
30414,4,98BF57CF3DB8C970066A79DC08D9A50B340FA2B6,Email,.msg,74752,2526,2,English
30427,6,99190A7259CAF5780A43271C2D8946E36208FF89,Email,.msg,81408,6750,4,English
30428,1,D106A369AD1452ED75261EAD653C605657953DB1,Email,.msg,1028096,1556,1,English
30432,1,178D4E68DCD23FC51D1DB14FB7FCC235DFA1D848,Email,.msg,105472,4048,2,English
30442,3,D11E519183DBD7458FEB7C6CB00687432520F14A,Email,.msg,61952,5991,4,English
30444,1,096C2C329FCAEC8CD555E28291A4D9598C6A767E,Email,.msg,116224,8809,5,English
30466,2,17B917D79C5B8446A78425BE73A37AED8046C777,Email,.msg,12015104,1534,1,English
30546,1,2223AC4822EDB78A5827C51A52752F2A05F7C451,Email,.msg,91648,11364,6,English
30553,7,228754B2A1C2485F531733462DFBDCA4C5B15ED8,Email,.msg,66048,6120,3,English
30564,1,22F2BDC25288051F3570CABD8D4D8ED7565BE742,Email,.msg,1252864,3171,2,English
30575,4,BDFE3726B5D5D70ADF7148DF4AE39EB52149E681,Email,.msg,101888,4186,3,English
30592,5,BFD395B7B66B5305292C082DF426B5971F8EB351,Email,.msg,386560,8117,6,English
30601,3,51B222A04C51A99F46106D19A3E83E60EF513079,Email,.msg,110080,2747,2,English
30605,1,FD75320495F05B6B3AD718848FDF4F526D087869,Email,.msg,53760,1054,1,English
30607,3,38CDD49CF9F2F2D7DB5F50499DEE6253AA63569D,Email,.msg,576000,8658,4,English
30619,2,8DD84AA0D6477D0CC66B875B3A8E5644995730E4,Email,.msg,59392,3191,2,English
30666,7,52AD5B564550637D87793764EB70D04F7CFA2F19,Email,.msg,118272,21126,10,English
30682,1,CB7659D756BD0F86B91F9EE9BF2556E7219E0937,Email,.msg,1497088,1051,1,English
30696,1,F537147E48C48E81937DBBF3CF0CE84EBE242E5D,Email,.msg,911360,2783,2,English
30717,1,C2530818D353CE846B214D2E6A847D80D14D2AF9,Email,.msg,179200,2552,2,English
30743,2,3ABF5137850B581EA72BBCB35FC86487EE74669E,Email,.msg,55808,5530,4,English
30751,1,29CE6E0F86B15209E61BCE0636300EBA30C6BFBA,Email,.msg,1012736,1051,1,English
30768,1,8FC5F1B544DB8F735C05779126D82F38FB2DF5C9,Email,.msg,1172992,1857,1,English
30814,10,365FE8B67FDCD5EB82666E9DC40074B0B92C4083,Email,.msg,75776,9113,4,English
30817,1,6B26181D66C37CB0D834728D0E248C2F0667F6D4,Email,.msg,12686336,3394,3,English
30852,5,A839A9AD64ECCB7E664EF3AF3F172432AB696903,Email,.msg,48640,2351,2,English
30863,4,E3A0E8D6AAAFD050F4A797CF549478C04315DE62,Email,.msg,259584,9977,5,English
30885,4,A8B3C6A0BDC93FF5C9317119C16DB1B317EF7DBB,Email,.msg,73216,2916,2,English
30890,3,37173BC4CB2B3C4DA661447284879E2577FFDDC6,Email,.msg,390144,8688,5,English
30904,6,0163E531B25B60611B3CF781F8704FA253BCAE22,Email,.msg,768000,14004,7,English
30948,4,46D101B53F0B5641C6E9F2804E464A496939D7D8,Email,.msg,743936,10411,6,English
30959,4,46FD9B3E81A341D03E56037ED7850F03B8288D05,Email,.msg,51200,3192,3,English
30988,5,831B63C99A92BC0A3BDE0D6F07DBF72E4C7E225F,Email,.msg,835584,5071,3,English
31011,1,24346C5D3B8DD391571C63ED533BFE73FACE08A6,Email,.msg,70656,5980,3,English
31013,4,5FB14CD0C2E5F4CF8B6F46D05545B84BD80577B4,Email,.msg,58880,4903,2,English
31014,15,15333127B0690D4590043F6338C98B48FD4900A5,Email,.msg,122880,5262,2,English
31039,4,DB0E5C9404A09AC5A130B2612965F6AE9061E062,Email,.msg,193024,33289,19,English
31047,3,498B4E1DB78CDE43EA5A7154868BAC4AACF566AF,Email,.msg,76288,5961,4,English
31066,3,6070B060244803F09FF7558B5A8930830CB9D372,Email,.msg,86016,7409,4,English
31090,3,DF3DDBAC89DE8ADC1545A582F35F01494C52B3C2,Email,.msg,62464,3589,3,English
31093,3,A4A191CE9251E473D258211A176B4ABBB10BA377,Email,.msg,1600000,1334,1,English
31098,3,E02354ABD75586193D4E64588870112C6A44A79F,Email,.msg,208384,1718,2,English
31106,1,E03C89FD3B205CEE30DF4D183ABDAE922C2CBE2E,Email,.msg,95744,4343,3,English
31116,4,15D5E3D5139577F6111FA19CD72C7AD2236F715B,Email,.msg,48640,4353,3,English
31143,1,4C9F2E60A490875DCB79C5D902D6CB709BA7847B,Email,.msg,145408,5003,4,English
31159,6,E2CC6015A240FAE15125D15E41412633A6AE4C36,Email,.msg,755200,13920,7,English
31190,5,D272BACE4FAB310D41351A11C394622D8B99D433,Email,.msg,108032,8273,5,English
31191,1,9537514D7860AF38C1D0DC01AB9872EA4E6B6DE2,Email,.msg,242176,9310,5,English
31218,4,968EEE04B0039977D94BB3AFDFB5A4A73DE918E1,Email,.msg,55808,2823,2,English
31242,3,915E03ACF619A9A66B1FBC32F2B677EE6D4A0A6B,Email,.msg,46080,4237,3,English
31244,3,916E22CB6213B9FA58A935BE58B058C730697573,Email,.msg,54784,4652,3,English
31245,1,375655AE3395C5BE52F699AD08A0E7FAA255E634,Email,.msg,199680,2226,1,English
31270,3,4351F6C2DB011934F4D47F30953DB6C56CA7EE6A,Email,.msg,55296,5361,4,English
31285,1,7705414995DCB10EDFC56493C4B3C6AFA3613D42,Email,.msg,492032,3425,2,English
31365,3,35C47399C36E6F6B5135D763D8260CC570BE72AA,Email,.msg,75264,14938,6,English
31405,1,C6C8E4E9FEA1313B412869FF1B75686870F29047,Email,.msg,55808,3169,2,English
31483,6,BFBF06A842682135434377635A649A54A738C646,Email,.msg,74240,5311,3,English
31585,3,2DF53D477A7DA8C3A41C01C872A661C29E8EA39B,Email,.msg,52736,5010,3,English
31610,3,AA4393EBEF6E04F8559DA1B9F3909066054AEB1E,Email,.msg,55808,5003,3,English
31636,5,AAF87F2E39A5EFD6FA2DB71893E0C71E97B7A586,Email,.msg,119808,8729,4,English
31638,2,C049CBF39659E062EE263D308AB55B8D43277E96,Email,.msg,102912,9436,5,English
31670,2,AB04622F0D6CE8F66EC1B4177874A6DE373865A0,Email,.msg,192000,6641,4,English
31674,3,ECC00068773638CF5B05743B2A6062F48C0C2DF6,Email,.msg,307200,5911,3,English
31675,3,6B74C480F0A80E6F5B35EDB7004F7DB7AE8117DD,Email,.msg,92672,7755,4,English
31677,2,077B744C939A939A27FE0498F2FC0E9E3C4A443B,Email,.msg,191488,20053,13,English
31684,3,6B97769548B30BD98F5F573DB6B5276954243B34,Email,.msg,76800,7034,4,English
31690,7,759B5200C186A3484F5AF415AAFCEBF72C1BE1C0,Email,.msg,107520,8336,5,English
31702,13,FE43970B92D252989A281A6BF3D14109E6AED9E2,Email,.msg,324608,23228,11,English
31705,1,AC06650CD125D133F1A45E0E2CE6BB1FF56AF897,Email,.msg,52736,3261,2,English
31754,1,C18B664085C0A1F21FF139133C820491AFC3942A,Email,.msg,65024,12043,5,English
31759,4,DE602AE562F4BD27A7FC117508954B5FA53877D6,Email,.msg,142848,7691,5,English
31790,7,A197FC4C4D92BDFE5609387D40A9AE603AECA7E9,Email,.msg,111616,20239,10,English
31824,3,49BBA4A21D880CA634C77CD6F51D0782CF03F1BD,Email,.msg,44032,3569,3,English
31832,6,A2A5380CADDA556C20D76D23C83B1D256BBD2576,Email,.msg,51712,4433,3,English
31834,6,3B07139361E1150FA371D2D125ED8BBE2936CD5D,Email,.msg,51712,4303,3,English
31879,4,C22A64EC935B45FBB688C09E1114EF92A41148D0,Email,.msg,52736,3689,3,English
31919,1,A52098D0B2843AB6D502555A76E5EFB17AA83749,Email,.msg,49152,3450,2,English
31953,1,A54C21D74E5CA96DAEDB7543FC5F6E18955F3E63,Email,.msg,157696,3451,3,English
31967,3,2B4D940E9155389D3EF30662E576C2498ADDD61A,Email,.msg,140800,3210,3,English
31973,1,9FE4745B6591DB522CEB71047EFFAE039C301F9A,Email,.msg,42496,3991,3,English
31976,10,05C1BDC5AD70E1D7BF12977956655F6516A6BBBB,Email,.msg,66048,13109,6,English
31977,1,05131FCAE176A761E6BEF1C528EE7BC1591E09D8,Email,.msg,290304,3539,2,English
32032,3,A3B63850CB38D15B437F7612B93CCC98E3646338,Email,.msg,57344,5883,4,English
32050,3,6C58A97870E4F396DD6B578830A06C24383A2E30,Email,.msg,47616,3567,2,English
32075,6,7992E8FC4BF24F39226AFA5135C5257CB6838C88,Email,.msg,936960,13456,7,English
32115,1,A05043F8708545E9354A0619FEAF2BB38DD9845C,Email,.msg,207872,1883,2,English
32116,1,AC2CA365566DF04CD348A7E0876A3E89976CCF4C,Email,.msg,12638720,2367,2,English
32156,2,A0CB9D840549CA043FEF838D46FBBDE5D29E6F8C,Email,.msg,188928,13386,8,English
32245,2,3F5899FE59878CA65FB5419565A9D5237E574A7E,Email,.msg,98304,9246,5,English
32257,1,A7E7437EDA0679F5E1FD31EF167420C8FFC58554,Email,.msg,1019904,4097,3,English
32304,4,0652B1FD78DFB954F680B967CEDCACB9E9860017,Email,.msg,126464,13626,9,English
32336,5,704BCC768E2D163860CFD6E4DB8B16B5780645B3,Email,.msg,86528,10059,5,English
32342,6,29F482C137053CA14EC9F26C54EDB4909A5DE3B9,Email,.msg,748032,15217,8,English
32356,4,A6AF3A8F3AAD94931840D5B736A61F04A58115F0,Email,.msg,111616,17586,9,English
32370,2,13A552655FC16E75D27D5E7912B5A553808FA347,Email,.msg,78848,6588,3,English
32388,3,A870E2FBAAF2BFBA3DBB432E446C28F62D4AB127,Email,.msg,396288,6989,3,English
32433,3,43B03DC23200DB57E61C7BF6D21BDA30730469F6,Email,.msg,145920,1962,2,English
33229,11,7A14229712902C068815E56920743E77E76B16FC,Email,.msg,2745223,8864,4,English
33232,1,DA6A4DBE603CF04DCC9DEBEEC5220BCD179D36C1,Email,.docx,455989,1369,1,English
33249,1,5D5D11ABEE8A84B53DD17183E8C3E6A3E8D566C1,Email,.msg,474040,1307,1,English
33253,11,87758FC0BCECB8E372408F66F6DCA9C7C81497A7,Email,.msg,3471480,10521,5,English
33254,8,D8070207B6A47BE91F91AC9A92644CD392D7EC84,Email,.msg,3691811,11890,6,English
33258,11,AB910C0ACAD1F4035BB50B7B245A4DC3CA710AB8,Email,.msg,2789785,8139,4,English
33259,11,B351B88A33768231699B348560945B6369865DFC,Email,.msg,2524963,8005,4,English
33528,2,8F2E663D142DDB2D76AB8A524C99C8A4CC75861D,Email,.pdf,340847,25396,14,English
33629,1,3F2D4DCAE347CC7F4059A69D256FD201CBCBBF91,Word,.docx,18243,1369,1,English
33784,3,08FC787482B8FCE6A3C81F1E4039C647BB37EB65,Email,.msg,66048,8946,5,English
33819,2,002F69B763E620781B32540B153C805207CC235F,Email,.msg,101888,5825,4,English
33935,4,3C9BB401C2C82AE5AFCAA80CCCAB416C7AF32563,Email,.msg,212480,6692,5,English
34062,3,1F19A0CBC32F9CEACE68AE765D87FF2FC1A4CA07,Email,.msg,222720,6250,4,English
34337,3,698B722E8E57B3BC2EF26C0AF99D5E37CB7FAB4E,Email,.msg,114176,10819,7,English
34387,10,673C6D555F9D20C988CC8B6BF5E8E298DCFB5BFA,Email,.msg,131584,13196,8,English
34617,2,D962C803C48A7AA3E100F0AE221013EF87E55ACB,Email,.pdf,340847,25396,14,English
34809,11,6222E9FB00DF1317AE9D7B7F08E0D79C1643BCC0,Email,.msg,104448,9439,6,English
34866,9,B554E76DD4D905D9CEF53D2287D6CB1EC7F683BD,Email,.msg,121344,10838,6,English
34916,1,C1FD4A0922E851FB5759C68B3284DB81BBDFE2B1,Email,.msg,92672,2122,2,English
35067,7,71442976D5BA13EF199677A5F46C10FB4A7FB04C,Email,.msg,93696,6863,4,English
35245,8,3AE3785148B273538B7E92DAB157C808C0B9B0B3,Email,.msg,150528,13302,9,English
35247,2,3B0398D4C1BDF32F836AF9B2FA4E16F485A294C8,Email,.msg,123392,11013,6,English
35576,3,E20640E6644AB5955EFA338DD498A3F2A667F24A,Email,.msg,116736,11085,7,English
35615,7,EE62AD2C9A400C81DB8F96BA38A0C2C06A350C1D,Email,.msg,155136,4194,3,English
35644,1,2797F3E6C343F19F55056D1E2F00245AB314E91F,Email,.msg,697856,3455,3,English
35707,9,03FE7E44943FC2A281F25D41835F16AE089DC166,Email,.msg,133120,14464,7,English
35782,1,ECFAD09126B85F0698C2AEF9FE9EDABB099E347B,Email,.msg,176128,4659,2,English
35873,1,6B3AF763185E92A8659BA158BD10F22B86143C41,Email,.msg,78336,4018,4,English
35961,4,354989A40AEE0B98A0FD9A922742A9CF14141689,Email,.msg,126976,12887,6,English
35987,3,C15FD59AE6ADD85B45EFEBD628BB2F921297C94C,Email,.msg,207360,11133,7,English
36177,2,BBE68A609B22E4A2DAE02903BFC9803D89958C56,Email,.pdf,340847,25396,14,English
36204,8,503FA2B635DECF109C4BAE2CB94AED0CBF35C873,Email,.msg,168448,20319,10,English
36270,3,DB9DCB6683EA33115990AF22BBFA44F5CB6525C1,Email,.msg,76288,4981,3,English
36386,1,CED38A3E4105021A650A2664DE4095E3E4109BC8,Email,.msg,67584,2402,2,English
36427,4,79C83ADB9403FD81BE25FC4C0315AA50D34DDCC3,Email,.msg,47616,2497,2,English
37166,1,D44655863821314978860ABED4B85A646A9189DE,Email,.msg,69632,4029,3,English
37178,8,D498BA0129E568BD67B6F3C01DC4276D444271BE,Email,.msg,83456,7131,5,English
37179,4,D4997ECD63040E8A6702C26C2905B63E0534EE26,Email,.msg,151040,13756,8,English
37194,4,F4BD36C767D49F31672238E2F6417F0C5FF13E75,Email,.msg,92160,12314,5,English
37224,5,F4FF561E3C55630D29B19858F928212ED376A728,Email,.msg,93696,12218,5,English
37476,4,CD8499F1B762042DCCC36C6BCD6C2FDF32A3D055,Email,.msg,81920,8283,3,English
37492,8,9ACC5B00308270579EC4740977774FA4C333E85D,Email,.msg,160768,15182,9,English
37519,10,4673CD7A8D38E89FD69982BA78A404ED683874A7,Email,.msg,735232,12601,7,English
37815,3,C1B6BDE6BA69E3F051F234C9DD245EC67A0A4E51,Email,.msg,77824,4813,3,English
38184,11,4E7A83B3F9CBA95F5C4555F99AEC43B8A1CE4C53,Email,.msg,100864,8139,5,English
38203,11,B06E0AD7D9AD98CCAA395E1F4E750A3572D3DE19,Email,.msg,94208,8005,5,English
38676,9,EA1181E9135B90FCBB2CA53CA6F06B83D505BE3E,Email,.msg,117248,9560,6,English
38755,1,EFD48F104D5BC9D28016125744F42FACE8B2A52A,Email,.msg,81920,4592,3,English
38775,3,D82C19EAFE5F677E408287A351B15DDF8D109C32,Email,.msg,195072,5816,6,English
38824,7,E00650AFE8104D52938CAE0F132D1DB2F807235C,Email,.msg,121344,11340,6,English
38839,1,F76BA6250A93A4E79B126ED7F081912242020A3F,Email,.msg,104960,5881,4,English
38900,1,512440953A6FCD647D24B30B14B8DF3FD7B1CB50,Email,.msg,97792,5579,2,English
39353,1,7A1CF2A3404EE45DD6ED535D416AEB82A73E7710,Email,.msg,98816,5271,4,English
39379,8,B2DD38CCA723B90396107CC94DBCAB07FB0C0C26,Email,.msg,137728,14296,8,English
39410,4,C583F55022BBAD03B0D5ACFA121A7F0AFE7808AF,Email,.msg,158720,14888,9,English
39770,8,B675384E2F17D97F1750380E7DD36517964551F4,Email,.msg,171008,15913,10,English
39814,4,F88A9A78A61DB6A2C38D74EDD2FFB83DEA2895C5,Email,.msg,54784,7525,4,English
40054,3,301ACA6BF9ECECAC92ED4CD150155D1AB30ADD57,Email,.msg,101888,4803,3,English
40059,1,68F7F95CF43658CE07D47B1951DE47989B884009,Email,.msg,175104,1761,1,English
40091,8,8DE413CEC9B5EC6549ED78B97C47452849C9DF58,Email,.msg,174080,13268,7,English
40252,7,F409098013A37D546885D8B01975F3C90A61FEAF,Email,.msg,100864,5381,3,English
40263,1,01B39699B2CF0FFA1AAC5E31A780057F72941E52,Email,.msg,79872,5749,4,English
40315,3,A8372C4E1EB3E6B1744F0A5FBB7DA6D6EA328806,Email,.msg,76800,4674,3,English
40329,1,B079B5ED37811A7BEECC9F5924756DC96A15A8A5,Email,.msg,108544,6646,4,English
40378,3,BC08282007706C5BD31BA7117F63D7C6772E7981,Email,.msg,111104,9430,4,English
40389,1,3B4DD674EC14C849CF5A9D494A140EE1C1D5CB44,Email,.msg,265216,1307,1,English
40450,1,996134DA5F51ED566017B0003CFA33C622744DC6,Email,.msg,121856,3900,2,English
40459,8,D4F5B5BB218CDD235B0E7A34179B99A25D974080,Email,.msg,162304,14113,9,English
40495,7,C2166058F0D584F4105BF2B483667587D641DA88,Email,.msg,153088,14194,8,English
40505,7,C33AB5C32C91646715B77B3D88CD5BE25070C97A,Email,.msg,101376,4647,3,English
40510,3,C39319AA605FDD805594F7471AFF0112E883D5F4,Email,.msg,202240,9748,6,English
40526,1,91F0C3C8E6548CDC1CEE48D2AC2C1BE1841E7CC8,Email,.msg,296448,3553,2,English
40568,1,EC4AA9D39503731B77DF06872EA8F1A55C466132,Email,.msg,3194368,4146,2,English
40585,2,51530C7207F232118F0040B237A3409F3A23DD99,Email,.msg,123392,10827,6,English
40630,11,F17ED870FEBEFB759844812D6C408B226E92419E,Email,.msg,93696,8864,6,English
40645,7,BBD586E1F282E77E4E2165097D461F02337F851E,Email,.msg,1247232,15878,8,English
40713,4,5D9C76A8F7788CD1F0DDEFBCF313AEDA4F125C37,Email,.msg,198144,15838,8,English
40813,3,FBC2735F804C85F3C8F9FF6AB90E6128076FEF72,Email,.msg,90112,4273,3,English
40827,6,7927E9C3CCB66F182449A63EC21A0474E2BCE6F2,Email,.msg,120832,11272,6,English
40857,2,7AFEAA46D6B78EDFCD71B826CD7C09A401DD3BB8,Email,.msg,104448,3774,2,English
40868,2,5C4E434202619B290D09B6038825D9F268C122C8,Email,.msg,91136,4174,4,English
40869,7,8014DE4292559C413DEAC081A13B4FA28B5033AD,Email,.msg,1460224,18702,9,English
40938,4,171BC3EBA7921531D479881AF6D1DD2E887AC31C,Email,.msg,1703936,10210,5,English
40972,7,C15476437DBBC97CD5E96B790FE2CB82EFF773A9,Email,.msg,131584,5767,4,English
40988,11,6EC18DBFC32478D458FB8447BD5130CCF9FD9E03,Email,.msg,141824,8354,5,English
40997,8,1143AC667DAD8FAE1D4DC6301118399E5536010D,Email,.msg,186368,11890,8,English
41148,4,AAC2835FB8CA866DEA2A92BCBD39620418D68A39,Email,.msg,137728,14613,6,English
41190,13,2AD9D05C02BA84E30033C6DF5077DC0286389078,Email,.msg,119296,10901,6,English
41214,2,12F6577E092715182A3289643DBD9401128DB21D,Email,.msg,89088,9409,5,English
41315,5,8A2F30B3E1DE475C8D37B437E0B5CAC8CF69C9B8,Email,.msg,123392,10754,4,English
41358,5,41867DFCA3000073B9D8B574E722F6D76FA6FA3E,Email,.msg,50688,5979,4,English
41442,1,5288BBAA0FE06997FB08DDE6BC42BC7531F52360,Email,.msg,136704,1766,2,English
41469,8,BB6482EF0E6722BD2F20A2AC2A29467ED2226A25,Email,.msg,501248,13020,6,English
41490,6,0D53BC2941707CF1216532D56A15823713C993F2,Email,.msg,147968,9026,5,English
41498,1,69F8A74D5B24894585F1A96199539D0E4646E418,Email,.msg,721408,3070,2,English
41520,2,7D0BB456B83ACB51A341FC6A02B328D26F462C8B,Email,.msg,97280,10179,6,English
41648,1,782E9ED1C4D9298480E7D9E9D5D8524B6B63E48F,Email,.msg,47616,2967,2,English
41796,1,61D25954EC1E659A571D7D7B87C066C77E40A57B,Email,.msg,54784,2731,2,English
41872,3,F85D866396FD32B15D2F570B22A32E55058EB3F2,Email,.msg,100864,16484,7,English
41894,4,F9354C14EEC0086E35B5B9E4A6A08B31A53F0A65,Email,.msg,148992,16924,8,English
41919,1,DC930B1481641AB1E57644C2C902BF3276A79B18,Email,.msg,98816,4784,3,English
41990,7,71423A4526945A137F7359ED05AD9B0149A78E18,Email,.msg,150016,17358,8,English
42019,5,E1D6E55D75F0260515CC8C1010DCD9AF55A2F0B5,Email,.msg,84480,8888,4,English
42106,11,0C0458FB045522D114D114F0EB13B66A140EFE2D,Email,.msg,121856,10521,6,English
42117,2,8E862F2DC4E313759EF98A2145A02C01D64188D4,Email,.msg,349696,8888,8,English
42120,4,0C3E9B92732BD770296853DEAB36F8A4545622A3,Email,.msg,143360,14583,6,English
42126,8,0C59A699031CC2C04D2D54B568B3EA40F3D074C6,Email,.msg,1478144,22438,11,English
42226,6,D2CDCB11EB853D2461E25DF5D819550B2C3E7B80,Email,.msg,322560,10998,7,English
42301,2,04C332E82DD7949491D0EBB08865A1C15FB57C49,Email,.msg,74752,3363,2,English
42410,4,BF29BEB56AB02921FD48BA0D64777A84CF368A0F,Email,.msg,143360,13600,5,English
42681,3,A31C1BECB913F8C2C93628ACF564161E7444B71C,Email,.msg,351232,8211,7,English
42716,3,49E53D862BAA3A7BFD68C61E15AB34EDDB5E9681,Email,.msg,196608,10547,6,English
42757,3,1B60FF6746AEE7F452DC30935CD4F5BC0BF465C2,Email,.msg,113664,8006,5,English
42804,10,2C68C0DF15056B6F29D31B13D1FAD5FDEBE3217A,Email,.msg,129024,11198,7,English
42854,5,2E3C289971F1FDA786A1997DFCC782BD92852550,Email,.msg,172032,23997,11,English
42990,6,F628E23FBEE2F191F660D3E929C127423F014E46,Email,.msg,145408,11711,8,English
43163,3,902E24D8F974B31FA334412361892C5C90023E1B,Email,.msg,54272,8227,5,English
43179,3,9A93025CC832D7F36BF550C295128769728F1290,Email,.msg,102400,6634,4,English