8,E41BCEDFF63E40BE2298885D941C1159D5E7C0D6,2
9,E88B9BAF2CC814398E8A80FDD125DE1328FF13E5,2
28,BB52C4B09D2888B3B754FB7D7D38470838187DC7,1
39,47A840F07E2D670D0707A44068B13B5C4A264C00,3
45,6FA8CFCF23F50635513685DB2BBDB38F320DC556,2
52,5AF62E0D728714314CA05B6B520667ABCD933203,1
71,1280DDDD0B546637C5956E116B1072E5FF59C0D7,2
99,3A1B3D7F36B6C7ED7ED80F815716B80F2E39B183,0
121,6BAD4356D3FFB03B9099B929B6357E88FB0F5754,0
122,6D113A57E33665CB5746BDA4DCC5B6502361AE7C,2
123,6DEBE4494FF115876E37111C669E64D44BAAFE90,3
153,FC0533F4D6DC347620F43FC464486B7DCC30D578,1
183,0724DEEC9963D0FBCBA5A683D6007E67BCEB3527,1
188,013621FF09E998020C16B8FDF32005D4140BEB13,2
220,2BEA3DDC51DC1D15E981EBBD059B45425BCCEA0D,0
251,2BFF9117D5C6CD43AB5680CA1E9C943AF78E0F85,4
335,949531D5F8EEFB425A0ED0A2148604DA90EAFA45,1
343,0DE91A4D259FF7B7A8133F306239F9DCC62E8261,2
391,10F26276CAFA302EA9619270D65CDF4C8EE7021B,5
1438,70E66273311B32FCE66BBD83ED1E5A7B0F651FBC,1
1445,DCB4325797F97AD5A39665BB0D5C8E82E3346E35,2
1726,0013E91FB21C2104A440C806B961A7D42798D868,1
1734,27C134B6F7B2E312D139A36885288277E02B91DF,4
1793,AF65CDECBB26A55912A1FC5220C5E3C0F324E14C,2
1798,B3C01D90F032EB3CEF66451B940F72A8A7BE9766,1
1799,B430C9747A3ECBAB9B7685AA7845A9D0E9402336,0
1801,B6CFC703E70BA5D92EE1C5924FA512BB859BCD4D,1
1804,B95414522F45DBD02C075746666699F7EC3EC0F2,3
1809,BCA64F6004B0AAB56F9C0D6BF7CFBD2CBAD15709,1
1820,DA6C526BF8CEF85D3DEEC10F78229DF06D000E40,2
1827,D19873DA1E1707223E7A832EC6F4C9F0551027F2,2
1828,D3820F6D69C12BC397B37C7498C21615126D9598,4
1874,8983EAD29A9D31AEF645D75BC6184E8C2B5BC338,6
1877,D6877BFC7C0DD4DD87F544044CEFB4273435A8C5,4
1883,DF35AE2B0DB0B708F90CA7864431742DE4DCBDF3,0
1884,DF98FE6E64F645E775392BA0FCAEE99523FAD515,0
1887,E5A0C95AB95A0B966E62C8E5087885DAF6B53A79,3
1888,E6E74BE7690D53DA5FFEA6D88101D0CA3806CBF8,0
1890,E86BE31A24A5972B245EA4E0A13FE8A6D144F346,1
1891,F4D981482B7778B20B319D39C6FA0FB23959CB54,5
1893,E8B988DD259F483FE436124D192AF5F1DDDD5766,4
1896,385B5A365A77ABC5DFB861D8FF9F8CD9EA05F403,0
1900,3DB7A8003C27CD84D887C3DBB35D1F10F0D700AD,4
1901,3E7292BB94946F1D0E9E4E13BFCFF5252DE36CB8,1
1907,5900A58F16500FC0B0834D30F5682A895D28023D,7
1915,444B5D166C6D3DC07A43D9947ED15E59BFEA8F4F,2
1922,B675B3222CAF6EFCF36318EF1066F47D3D7AE87B,4
1926,47EB737D6BE4E64637CC7D16D5A72288F3BAFED8,4
1950,691E06E6567EC527B226CAC0E41DCBBB898C5897,5
1980,2435CDAFF915D7C90A53FAD20C61B0220BEFC9D4,6
1992,2A96E3AEE35039209FC5BB4FCD5264318C80B3DE,0
2016,69D8E68158A4504E1B6FF668DDE006E3ACA0DFCE,2
2046,6EAF4A3250128E2980333D0CEFC7D6711452399C,5
2049,801978005C02CFE083563F3A9ED8435A12F6325B,4
2061,77EB798E99F120EC51F129536DDEC99051DA5DF4,1
2066,09460D1441245A426C51A4ADE1B36CBE6E35994B,0
2121,4D40A61B523CD95766D34FCA7D78865C002FFA91,5
2151,1A58FBCB13634032CF0BB28432C27FC451A118EC,0
2165,00BFBED590F6D0A54A01A18E34EFB2D6B2E8DC92,3
2186,3417B94A0A32B8D4EA85EFABAC844958F78F72C9,5
2193,C5B1D76E1066B7B8D175EAE38DC2DFD35DFEA5F6,1
2197,34421EBD8F62AABA573A622CDD206F4B0B188618,4
2211,1E3BF33FF762EAAEE73550C3CE917515CBCC31E0,3
2214,350D45052601590D2E456452769E2103984B43FF,5
2252,36449DAF0C2C9E4F51C1AC209F1CB7FA4E07CD7A,2
2288,08F7ED48ABC96B539F8F8934EF912C70EC1C07B0,1
2300,E8C41C7E1F21A4E29368A09F470130BF96EF4B9D,1
2302,F1F8ED8066AEC61F5F916341FD6F3AA511C8FF64,1
2309,F33C530A8DB2901BDE5AFFAE782F06C05D2A54FF,2
2325,9F61EAA7EC24BF65AA1422B67A524843C96A67B3,0
2347,F81B987A032F3A1521FDBE56C5A926B7CE8D9390,3
2350,00391393CB15FC9361715433F53EB658DD7B2075,1
2376,FC4F88639C0082AEFBD0B25022EF87579AE2F7E7,0
2384,A4BA18E185D58BBDE9B414C309860CA24EF4C43E,5
2385,FEA06094169F070EE5686DFC8C10E726C9F69A03,1
2695,F456C6F09565620968644139AF6DB8775BE261CE,1
2700,F760AD938FEDD37F240FC34FBE5B4E066A26D698,4
2701,F7D9F87FC0D610F6AD62DE9BF4E3755088044D09,1
2705,F8DA973181B0AE689E7FAC44E6D18C921D78921F,5
2712,FDD7529E40A312C22B3358D72A57A2CF8F087C38,1
2713,FE177DF0B51CF42E4EFF9879EB43C68DD312D8D7,0
2718,3305B3C73CE73B67C51C9BDCA0D5DD435F411AE6,0
2727,33449BDFC7471F8D33DAF637D56A16FEE49A9840,0
2779,742809E23C581897EAF74F8B0CCB3A15D58CF9EA,1
2781,75130432CB3D73B4D58DE082FDD7F28A25332BBB,17
2809,389D22A1BB346C6DFA3CBD435DC624FEF779AE56,1
2810,0FAAC1C585CB3D7DA24667940CC1FCACACE006EE,4
2813,10107DC7EB2673BC4BDB3F9D80D6A651AA5E8D72,2
2829,10E15A55DF36581481D39E604A9BC7DDDDECD2E9,0
2843,36CDCE8771DA46E2386BA09B13C663B07A246630,6
2848,36FCFC6EBB6C3235D72F5491AE43F7C9A1DBEE33,1
2891,B9107BA3903E9C21FCC05AB5E96CFA8F526840A8,0
2896,B983F94224C906D0AA99EA26911A1C68AE45B687,2
2901,B9ABDF83BEF08023F0F8939AB043454550881A01,1
2902,4D3400587D17014735F2C9648B526940D79F7663,1
2923,185FA3930739A16B0D922D442C276B5FED3AA3BD,1
2925,BD332F3BACA9084B321D2C33ABBEC470B217ADED,3
2935,BE045950C006696F9ACBC038E96B326C5956D1B8,2
2940,BE8F58F66E732E8A59AC9B4E73F9AE13C104D88A,2
2964,434257692A82A2186BA78B4DAED2577938BD7A8F,0
2972,CC86A6C9173B16D87D82569103AC195FDC3AB2C2,2
2973,43B526CD17D6238509E15F5A304CEE2995A41472,0
2979,FCA1956633E5F77DEBA4726E3CEB09CDAC5733F6,0
2982,0AC0087885AD685D9F89C3BC0F23AC40422238A8,4
2985,444D28942D756E224EA505E2A34C9F00F083F089,0
3004,8360278E685931D9CD18E56DF84EDD4639491C26,13
3009,AE1108E3C0CED6B8B6F7F243784AE02EBD465EE3,4
3019,C086EB17A17643DC86BCC336956B3A9DA4A53B80,0
3022,19D1DB8D14BDE1D235E2542CB965086B006B86C9,3
3028,11437124F716B61DC64C2A7079364A79BC969937,2
3029,589930DE56417AFCEDC30D5308ADBC1CC54DDEBF,1
3031,E9E8D0D204BEA197020F0CB31A7EA2C58ED0D8AD,0
3039,91B4666B8F9E79C93C6E7097E9A314EE065105C0,3
3079,48CC5D685D724CB254B11B4EA13B7B501AD793F8,0
3080,9A0A8ED9298FF4579619AEBEB642733D415D76D9,1
3086,F793E967E656C8174751942F25750C09BA3447F0,1
3094,91DFAD3AEBCC8CA71A96C5CE2D6D986514587142,1
3101,5A45DBA6AF615BA6347026477541174EA42ADBE2,3
3120,053498835C0061F01E127327459966264E75036F,4
3123,9B184B32D7DA9EE3DE0014E87D43D15ABAA4F08C,1
3127,EC28ACB6F8F35B8180CECDA1AADF5FB015019FBE,6
3134,077CAB407C77625EB12DA4A80EBD11017F370B01,0
3136,0E8C8D0CD63C03ACC180728188EF267B9261AD7C,0
3157,0573AC80128B62860A315D419CEBB5CCF4B95ABE,1
3160,9BB4909F08E29FDFA287CF0762E523240AF51BE8,1
3164,AFB684C7DBF45B1F77B0484EFA38A71F3D0D97ED,5
3195,54A846F8CAC701DA2A5554EA5661632AD8164348,1
3207,41FF0250A992B7AA03C7A45C8E5E56D1036E0F57,7
3212,7CEB4CA4CC23FA9C794F9CE72B9AA78884CD598F,2
3215,77C2F4D5036BCA35D79417C898782F69C452FF5D,10
3236,54BE8F18A263D3EA3A6DAB9356FB5F8EA6954A84,3
3238,C63F69988261226A49BE70AB0B02B7DDD2CDA839,0
3245,B09C4E26B262A6E4F28661D15536A887FF72936E,0
3259,4AF2A5F1803E6D8AB8E373B46CA94CA8D36BCFE0,1
3267,5C2533E97408AC9DB680D07C53D6851ACB7339C6,1
3268,8E485D28DBDD732890E09581F035E5E96699FA30,1
3273,088CF54AE08DCA98C2DEA4B46AF71F881223A608,2
3279,C7543C0B7D45A5B172A2218491AE7880886C1B10,1
3287,B0C0E64B2E4D8F7233DA8F5E730F072FC18B9DBB,1
3297,788BBFA2F651D463508EFBCD9AE5BE0F4A00180D,3
3316,1F84FB95FF19E836F7CEF191EB4D4CDF82E79307,1
3345,4B0A985D606F39272F3ACD517C70135A719C264E,2
3363,5C3A921E374169978B437369B19CAEB884617247,0
3365,EEE52FD800C11BD1B24193B1AB6C5BCF97FA1584,1
3372,9DA60E3F0A6086FCC3067460B4D54F063A95D40C,3
3406,7F6214EA372EDBC3CA8133DD74CA2D3F04672060,3
3419,9EECBCA41ABB23D526087B95512B0206DD511895,0
3426,79282E524B42649FB53132BBBC22B2072CA0F46B,3
3497,F05F6EA0235E0D3FA991EA65E9E5A5BF2C9E9A32,0
3521,8064F218536FAECD8D4E3665FA2A65CFDB8889AA,11
3540,562C1DF9A6B01821382BE94049A6BE5485F06286,2
3554,909669A51F419FA661C75ADD04292DAD26C80267,2
3558,B3D43025E59FDF5701761CD9F53DC8952A329B18,0
3580,F129BF41DFA6936296D21A4C73F237B2C4C5B2CF,3
3582,0690949AA9248F964578156C4B4FBF808664C335,5
3595,16DCD7511D7D5C4734EFCBACF605249807552FF9,0
3597,90DC6104730061EB362BB1962C36F7EB6C11D71A,9
3602,B41C673D52C4EF0EE2B202A0330B784557DCCEF3,4
3616,E1036CE56A9EE8584BC440F5F5C0A7888E2B33F1,0
3634,818A4418B6A32037D7DC4C5F24771B1A2833E375,1
3641,95C6316495DDEFA9B1F26F522A982B523A1100F3,0
3659,F35D4A76BC6FCC8D39FD3598AAF1F130F477CF88,3
3663,823A81F002CF0AB250B54E339CD193CFAF5E7505,13
3678,12C2DF0825D058445C4686194A8643D52F8E21C1,2
3680,B50056DC7E9DDC1B389A71C3F457CE9716290136,0
3702,D8CF6BCA090BF249BC8687CA563CC5FE3DC193DC,1
3710,083F3E500E351FA1F20C7E3EDB2172574C045933,3
3752,D8E1A7DD38F6E0565B1D913C4852AD6490FED63D,0
3759,F3B6748E40573654E4D0FCB78625C35825DFA416,0
3770,E360FBB6FE3E3B53E91BD5A01FAD3DC63C8FF030,5
3808,405ACBD4DAB5292C59A33226DACFBDE30FFC637E,2
3850,DB2F1175A5A74F443DE343012C8286E6C7FDDF9A,0
3852,5FFDB4DB34E12F28139597F0CA9E05E48BBE9219,3
3874,22E781E0E364B5F5BDCABD460C39FFDD478307AA,3
3968,DDB897A9177CAFF27455784660CD882D4BAB4F70,3
3983,DDF5FB7C9237D7E5A7EEAC4EB7A7070B50DE4417,0
4009,695F2CB02EEE31E96AEF9E322320E44D48B7298D,0
4028,DEAC9E6E5EF776C2833D9729F46DF5A7D374A9FF,2
4074,A571D86952E0A119E065B0E7DDFDAA0B8CDD35CE,2
4077,38A2C5CBA2E922B1A7DBD8C65BF1C3B49018C2F3,1
4082,A879309C0C4236C80EF43884D0063435B943F4CA,13
4085,A920DB81D8A1FEAE18E084179EC1558E3887BC93,0
4096,3B1585B60BF2AB4B5A05F04EB958D5F08BFD739D,1
4102,D3F2B6EE8C612336F10E441D7605B86717540ECF,1
4122,AD78D9F81D254B4890DF6A10C63169833701C7F1,0
4220,1551081D78835C3B335B76642FEBEBB5445B6360,6
4249,6CF4EB9708238ABC051877C39D870B5C1BD51895,0
4353,1D3408439C293885455C6F0B3F4558802289E717,1
4453,6DBFEA495A216ACCFD1554EB989507895BB2742A,1
4513,6F1454DFC17B5F4AC9BEB5584C2D0A88139CF6C5,3
5257,D3821C5D61347A0E64C681AA0BF0A55D4A72CA8D,1
5264,D4471CFCC4E25F15C6A1EA4CE79086CD81CEF91E,2
5302,D630EABA378495DDBFDB390B499153E606FBBCEC,9
5312,D6374864EEF0684950F0251AA8D5B78FFAD8F721,3
5319,D7535C4201BC710F0391F91787E34F942AEF7F30,3
5342,D890D94719E4941B9C4F5B06FC1F6F51BF72874D,0
5364,01ECA46A7EC6056B923BC6E82905B4770A978415,1
5392,DA125A9BB0E6842E65D0D236BB4973BABEDC1A61,0
5453,DAD631534582281BB8435CF7C9F4E6D87A608CF8,1
5462,309B2B8DE90C9ABFE919D4B4E0318D679F4FB9AE,1
5472,DB10B724B82681C31AC2EC95EA3C40D3FF9878A5,9
5544,1AA55F3459D4638DEE0AF24E469595D24C392A2A,6
5689,7EDC1CA36B91C8F879A6FDE90951911CCDABC5D5,7
5754,80EDFCF23BC294C19F2E1DC0AB36960E682ACFC5,1
5884,873BEB6AC33F724E9FDFD87EA5A0C911699BB1D2,0
5888,29F860B8027748B7194C65A7E3AE59F0257C5FF5,0
5897,35EAE09DEDE0080CAEF19630398F22EE04CAAAF7,1
5948,3D7E572BB617B0DB408290E1C48CEE074DF23087,0
5952,88E575DCCF9888050AA9628E599FE5864770E9CB,3
5957,2FFD23E776744AFA5E54269D129AA016C940B15E,1
5969,26D930AC7FA25A44E0A6217D0F315480DA62081E,3
5974,631ABCABFE5E2548285D453540D5A6A8FD9A5069,1
6006,32A5BC577957260D0A6F5DFBD6EA33505258088F,1
6015,642929BDD4A8A665AAB907E23A85F359E32022AD,12
6085,7541B4F7012CA9895A88DCA66679441F55A13690,0
6097,9F3955D1D633E93413B4663725552C292FB9030D,1
6117,7569977E4526BA717B39FB93F4AC90AA4C13425B,1
6122,277606A7F4ACCD38B998B8809D3265E416D97AF2,8
6145,760679B80AAC86CC9E2F868A477C98E5262D3A5F,4
6155,EC6D0E7721C964F16DE3529CB95B4EBE4A562E06,1
6186,8E919C3224001F50897DB46BB214BED0603059CA,1
6236,EE9328285E6C5B71D85BC135B3A4DA3A865AC74B,3
6272,EF9121435FE2040069AAAD2DFF6331C934090F52,5
6297,B06A9637D4FC565B78DB1D4E238AE6DD22B58002,0
6332,B0D8A7187877A3FB44D57FC5771BD204366266DC,15
6352,AB1B1ECF8E4AA5B599D6A9BE5599AD885935552A,1
6366,B0DEEE9E119748B770C7892E22898A13F94FAAEB,0
6395,A40B160AFC5DD237378D76C290804ABE49BAED33,0
6399,B1E443D73B3E6A7F096EF6E481C521C5D77702B8,0
6448,68E821EC5B731B9D6D282FF03FC973DAD52FE330,0
6481,558264FB9D10450E0C5CD7D7D8AF6B86887F7390,2
6550,A67CE94D54F5E8448F1C40B0BE02ED7408E4B0AB,14
6619,48ACAE02440D5978A931F63C2CFA8629201E903E,4
6644,ADC1DD4BEB5DE818FC842FBD9265F99C4B810ACD,5
6702,C8492132F38C6A39B996E2960D432092CB0258B9,1
6900,CDE760EF9CC5FAD21D1AB615EF1834C1487373B1,0
6929,D1277F378C998C5425162F5C5E58F6F54D62A1B6,0
7071,78E64A57C82BEFE20DD4222C461213AEC369DBF9,2
7073,78F1B2A406733B4BA937B81D7AA72D700FDD684F,6
7075,1F28C48F0CAEE7EC1317339B88221BC448A6B4C9,0
7076,2B5DC713336635288841E813B7CB14FA99C500FF,0
7129,21611CB890DDA52DFB5908A5059C1869B2A1E493,8
7131,7ACDC760BCC4709FBE9E44998C1ED95E1BA2BA44,6
7151,DC4862999E2EFFCDA74917ADB141B7AD4A47F587,2
7182,DFA895D207FA13642D329EA36E0BB484F279E6EE,0
7187,E02D95EB6877761EA5C8DC3E6AD0B114C1666F40,1
7191,FEC20C0A7B72A0EB288432DA97C46A4A7375EB04,14
7195,FF356CCFFBCC6C128E2CF48029EEC90D119F942A,4
7197,E0875935E0C2C59BC31578A695F492306B5308CA,5
7221,E2A17301F36ED4AFF56FC844E1A6F66450D43DA0,0
7225,2318C283D68ECE98F2309B3B0F29DFE0B1690344,7
7237,81766E579487959654C4A8579713A230532C9604,1
7242,15EC535301868722711606A69BC2166EA19FE0DC,2
7286,6075F27B052764E23D2791AC17E96D076EF633A8,0
7328,2B9DBB7D2781A3AD6E7B1DB2D00E42863565D41A,9
7343,7056B399CA57E19708FFE93D2E6E5F54314257E3,2
7354,6C8FD9902C5411FC94A8C5D76FC8668ABA1CEF86,4
7382,2CFB0C362E657C6D3A9CEA581E17EC396107C93B,0
7390,85FF5AF4DA950A7CD2D2F7764581560DDD838B14,3
7440,61C90CC623CA1EC03B00211BE7742F4C34035EC1,2
7449,93FA7CE61E35306A98DA2668F6DEA727886391BC,12
7484,96D1FDAAFD0294EDA569AD6927C0E64A1667058B,3
7493,4F15DE3CBFB7FB89EA6945E3F15F194437F3E458,0
7525,2E8E14539F51BA66E768B26BF740CD2BA96E7547,0
7550,98C97F4B347112C0233A577396FAD6BEDCBDF366,8
7590,4FADB0156A5714E00127DB779841CABA8DA155FF,1
7599,9C1E1152D1BD2F74FE01E8E80F8CF8BD21F89DD2,0
7667,BF94074E38A6AC8A12599ECBC5372C78AF0996D6,3
7677,C47DAFFA74B89FEBE1B5521DCDE1069BCA4DB2AC,9
7679,C5C35B2F38D2883E639A3DB14D197814CC896DEC,0
7680,C62C68CA666CCD3E111A5F9419B556FA54B76B0A,0
8169,1C57C278F8C45FE3B0F1A33CF98FE5CA51A299C0,2
8205,0FAA5D57A6F5A225610DE1BD4E14867CBC5066BC,4
8442,380AD80892BC9EE27F1A58AC30DC010E925FA869,5
8444,3952F5EF42840502F5CD002181B93EDFFB9CA95D,4
8445,39B984FAEE893E51DF4A68CE20F82B37FF927F80,0
8523,B56ABAB055DDBF07B3A033DD6B6925B71A103A04,4
8532,0966056006A2FEA4339C242D3260F1A61CA3F8F0,1
8576,2F5224E2A0ED9F42D819138503E0F85604BE0207,6
8604,6BE07E5F70A40553BAB0A7DF0AE44F6C5FE5719E,2
8642,51F3F6EC40F974555E2E416F359CAA2CB8F3F8F7,3
8706,BA59DE70682B651D00247BC9E30286874F093233,1
8709,30D386B5221504FC9A9F9FE94289B8F06DF37FE0,3
8738,5242F10D036D8E620876F904A1245C8BA654F8E0,3
8803,5284CDF890E438EB0FCC182982F1C7ED929100F1,10
8841,0A1CC3C54C2A576C79AD715094139F004B8020F0,1
8862,1BA0C256918EDDC14A88ABFEBF7AAB21C9CFDA74,0
8874,709E086BABF65AD784706B6126BDB1C78114438C,2
8957,E6B74CEFCC92E99C1FFDD9F5238ABE4254710F1A,0
10042,0F54AFFAE338784DAE3E516D8145F7C011835B7C,0
10101,F915BD190BC112C6C8AC594189A0981C452DCAA3,12
10109,08C13632F6805FDD150E49F1CFE19EF475BC6B05,0
10125,81393661B9B4ACD51735697F26AFF28BE4C9E590,1
10148,642FC1CEAC657A3EDFD72B23C674B115A79ECEFD,0
10151,E47A1A6FAFE596752B83AAFDCD8082E1E1220108,1
10164,84021FF88BB1D9377D4296EF31C3801E8DC859A8,12
10180,FEA5E8C0F61BC52353060A88AAF43D490B62F7BE,1
10181,841B7EA55BB42B46B538FB803E42C2A1147FE784,0
10204,7AAAA266C0F188516217D388A9AA2B3CDE0D4A63,1
10222,85097DA3F595CFE103F72EF48D53548434AD710D,1
10225,647071944DBC06C0D5620A965259454327572DBE,1
10248,E409E3B78C2F25E08E1EAB535BFD0C7CEDB7ACE0,2
10257,11B3A18FF9A4E620D7889D17C6F7F0AE82DBB7FD,3
10326,878DD4ED03FDA2826973CD17249C0AD9C622119B,4
10374,7D9921727A055D04E0686CDF71D2D56731D77546,0
10378,30678F202B968DF52DBEEA4D2492299E70065BD6,0
10384,06700F73487995823E41C6C1F21A18CD926D56E5,1
10423,C8D3368B95013D7A3D3833ED23BEF39F68228B6D,1
10438,892A26F58683C97D4088D46B2B02D8842DBFBC9E,2
10578,80DEF0BA4D0CA8EA7C820F6E3F4CC7143C77E627,2
10651,0411A34A1DF6B50CC5E2E38A0B1FEE2C24820715,3
10675,9C810B107D90B1A463CFBD13AA4E713FA46BD757,1
10822,06A466B903ECCB70CACF6D3ECC0D37CC76644843,0
11051,7217C8C3D1BD352FCB17F222C68377F80D337725,4
11055,736980ACE027DC4DCAAF22943F5C5A359B1EF45B,13
11057,CEFC4F1037F20B331AA934A5BE65AE0C76D0F8D0,1
11062,760F56DBF1DE1D90543C71BEE2CE209BB1EF4B1E,14
11063,764F894AD40FE918B6B09ADFE7DB7D4F97EB8CFC,1
11065,776A3814924D00604654905CB1D4E7827E18ACA1,3
11068,7804446D2EE78557657461D1E631675FFE712DB5,1
11075,4526D57F96FC6230F46E3E9CBB05B22EAE787AAB,2
11101,5ACB16B900F77541D8CA3574E5478C492DB4EBD6,1
11104,4B07F875E3438B2F2BD8E7277A94F53911F1118F,4
11108,5C8382F21894E28971E5E8F93F9CE608B64E85AB,3
11129,61E859577369C53F14C3B0D5394A1498AD6537F9,3
11136,38E70258E666B70269D8768AD90B64A9FC3EA749,1
11137,39249F5E6E0FA2A7CDFA41E63BCEA8C30393E235,2
11225,25B320D49272893C6A40FC607DD60FD18881C941,5
11227,2649CF6F2A7DBB98A2E81AED4F8EDFC1F43F0D47,1
11235,27D2CC9C08A3946D24B91A4E3E046F00837FAE48,5
11362,CBD3DF31D12A15E5804F5D82F1BE86EB5645A6B3,3
11365,CE5DFA7AE9880F12B9ABCD3540A5021F013DEC52,1
11367,D04183B7AC8C699AE37E1876B2078149F4DF063B,4
11369,D1234E9D0041CB55E12356105FD1C3A9629B9054,0
11375,D374BAC3910530927E2584001CEB5901BBADFA7A,2
11378,D44B12516DD8BFFC903C0A0721C249B54B43EC2D,0
11380,D542EDBEC37249F555E840110F524B4D97164C6A,8
11401,016453FFBD96195AFE8F7D23A93639450EB3E2D2,2
11415,D5AAC83FC841037E7AD0431A87D9F37B2FA4304F,0
11486,D8F1A41AB17629412370D81C8EA2FFBC9B874434,4
11523,AA6ABE0D191CD3F9D27E5DF39B3C4B6567ED7175,8
11540,ACD0EB15F06A93A4925BDC1E6D59B52B2C348E8D,0
11567,3B8745C03F04CC3441E5ED839983F4C061048C5B,1
11643,2DD2DCBBB9BFFAA75899E0E59B0CE2A8C28EF96F,3
11703,B124574AB01BC0277DBB2FD14E854D458B7291B6,0
11756,B35BDA17C88D139BD79AF0B3690386E3EC5A4449,3
11778,6474C2DB4BF11BD945AC50C84D822CACCC8E0B22,2
11847,5885C9B334F253937F7C8E354DB74E763AD7F0B0,3
11868,B72FA7F5EA9FC5C0C3E6D0F4FD6436BE8AF72E1B,0
11896,B741211E78B2BC975BF7699EFA5C91FC85AC5FD4,0
11927,B7AB8A2BF4B7D35C4E5AE3D737915DB880F85E8A,1
11964,0D189506FF033C72DBE273F4CC63AE2C674DBC3F,9
11990,0D42A5A9EB1CC5A79112F0AE928680ABF18D7829,0
12066,0CD159F2DAC4F5F14D3EFC67E7685FD20A349015,3
12077,4F7012AD03A6C6E2FA136DF393654751B2596175,1
12374,15700DCB96B88A0BF6B982B3841EA322FC87DAC6,0
12712,0018DD1FFE86B8A56625CCDCB39E3876C117246F,1
12725,F8E840D75CDB781F94C154456A6CFCFCADE0BA77,1
12761,E64A2B620DDB1555BEC626C1789C48EB2264014A,3
12780,1A7504DFCE91A6F0BEBA77D7C482209A4499DB14,4
12782,3C9129942D07C37A23BF6F01F99E90D52056ED35,0
12797,3CA33F618E5271488AEEBEB94D707F13D0382642,5
12887,9065FAE7714871D70B89DF0816D626E8ECA3C9D7,0
12888,0A533AD7A0E4AAFA975AB52B33DD9BBAA9606074,2
12929,931F5F634DCE8F75D29817E57DED10F2FC8EA812,4
12960,128A03D993C29E789D13E8FA9F69C11DC238D8DB,1
13010,BCF9811B56765E038605B8BC024047A6468BE3FE,1
13097,6C533697BDC64C8DB2FEB37B88F15ABE6B1A7E53,0
13106,B51F612F8EA6738CBE8DED8471C7DBE3534FF4C2,1
13107,8FE1E05855ED36C076FEDC1FA157FA7AD87FCDE9,3
13148,4017FD5DAF26CC9EF5A7F2B7EC91D928337AAE6C,0
13150,A41A8ED282D00C7EE24AE3E14E7D351742C35C3A,2
13160,6E72B014AF181F4010D6CAD45A87BC1C82C122E3,1
13179,977E9F079C48F72845E2873C81A5CE0662AED1BF,1
13190,9DC48A9DEEBDD2EF4D3562E3DD5457966CCF30E7,4
13193,6ECDBE98D9CDAE5152A1DD7A129DA737480D6207,1
13252,A07656EC7BE18A8DA7ACA73CC44F34B3BBBA05CD,1
13311,A4EE48CABABB18D9034FACAA9A5B0B0111AB76AE,0
13347,E0B8F61CD87FD74D2036D4C7472E4661015EC0A2,1
14845,30109887ABE98C2976D643484B4DECC143C68E0D,2
14852,ABBBA075F6BE6876F28082EFB36569155CB8874C,1
14853,306EE5D7D45AA2320900D762B0E9C2AD1BB9A251,0
14874,319E8AEE4E122292B23D4DE2C98FB5F23608A805,0
14875,04B81D2963382D059B10E786B272995EED2D2BA5,2
14876,B4CBC5730F1EC5191702256D453A342851F1A896,3
14937,C03DCD1D1B934E9E89595DCC6AEC53CA52305FAB,0
15242,86CF6585116E527AB784A0BDD93E2856592E0CAA,3
15712,EDC32651F80EADE23FB99D996568B79CC070021F,0
15758,F79EF5A87C770852DB4657301B47A9D4E6A6C7DA,0
15771,F87673D1ADE0D854E324535C726165D661D84CA4,0
15783,FC44F127EFB4CE18CAD5047B4D109DF8F8A2474B,5
15799,FE51C3470A8DD3F181AC307F70FBFC6D8910B9B2,0
15831,FFB1DC79127811F35EAF42B3525766FC2AE8CECA,0
15918,0BA5CC143724B08942FFD14F9F3DAD9CDA295722,0
15953,CE6DE52D5026DBEB3F7B407E4DC70CF97257615B,1
15956,8CF0C381D33137846CA9A30D73F2985CB9927F8C,3
15958,18B317DAD487E2EB88772115461A7468CA384C60,0
16160,975124FEA8546CDCF7CAB92F97C049E54278530D,1
16240,9E3F519E5DB4902159162AEF83736234D673E00E,1
16245,7C3F9266E404135DFB21C177D214D0F580BB895D,1
16286,7CE9A3F8F80D36AD26D880BC6E0B79B77F422D2D,0
16424,A0569299D72B677FCC1048E6286110ECBB4D64C7,1
16499,74CD3612D3FB0B2E3476D5AFE930E88B67A62B5B,1
16650,837BB7FBCAF46EAC568929889E84263EF67A6B65,0
16920,10A93CB82CB1EB935D4766BFDF55F3F252944E95,3
17444,3EC292DEE75AAB89BD1552FF37D5C8774FC69528,1
17451,3EE4EDF1903F28E1B4B457C398C71B4D760CB60F,2
17464,41C5687DB06A692E85252B4FBC02DA370F784B99,4
17480,428B77B15404266A230E6F0424A614396F028EF6,3
17502,45EBF7DFCA77ADF9E6D553DBA084A005D10D4B9B,0
17973,4B8EAB85754A44126EC75956E5686C7FC8296FD7,7
17994,589C95BBAA9BEF59E02B268D32175810A6F41343,1
18000,5BCAE2983DB8CFF02E467275E0051ADC3EB67E6B,2
18004,5F035D6703C1CBE52F399C058E4BCA79DEC7BA6C,5
18005,5F545BA7ECEC4CE9D808DBF908FD8B4AE8ADFE6C,3
18233,61AFA956DCD3E1D75A5B14F33487FE291821034F,0
18500,D991EA9069208C06C6825EB6E609CE56EA76C583,3
18521,DA03813A69CC06380596047E8BADFB06F1F41D9E,0
18588,E25E1B1DA1F98F4279D3B1E1947F3334102232B7,2
18613,6E89D988C975C0AAF2FEC15A63F4A48087F765E8,2
18703,73845A018E730A492032ADB287C8C5A4E5DAD06A,4
18750,77D7707636D99357CCA75273569E4F424620DEE3,0
18956,E8B1F92E5D467F4F93627289404D8D3EE4F93BA7,7
19042,EC1CFC3868C9CF7893C3C14BB48B17F0C82A9611,0
19153,ECFC0A3563B91235220180D0510E3CD96F68EE99,1
23324,BB57E87FCEBABB56A8F84D9FFE123D8CD6B06B88,2
23333,7916B17EA2E4F09A0C9A902A4033A67554FED743,5
23340,B09AA1E3438D718F6AE569A097D7EDFF5E70FB50,0
23363,B291FB6EADDF6CC49EC3E7EE827BC35E933518EE,2
23368,231C9334EA5DE05B211FDF863419087109259B86,2
23386,00097CA5B8510FF74470C43A1457DA80007D43B4,1
23420,4A1916FE397711E942A6DC61D672F756B1B3F362,11
23427,4A7014B0DAD97919073470D740C1F69C09452F84,5
23459,72F5C5C0351D8C6FEAB3F25C8F0C63D7AB63FDF7,5
23466,2C7007ADD0432D1A89F401DD6A7B3D79A92AB4BA,4
23485,2CA4D84061A14B6927FA4AE8052D59F184EFD34F,1
23497,00C9B59B0A29D941B2C30FF7A767A862A0C43786,3
23566,633DEAA319354A6EDC9033B2E7E63E6B7DD71CA5,2
23581,07024627E9A87CD74DC46101CAE8665EA0AC0617,1
23615,F414C93EB12ED379AD9F724F30027888929B9732,3
23629,32D6C00FF1E952EF11B50BD278B164217A3B57D8,1
23639,87CCA8240757D6E155575B9536AD38CF96FE8217,2
23641,8EFB07A82FB537795A3B7DECA481AD18813BC9A5,1
23681,32FF13BFB9272D572AFBAD4B2C293D688B661E0C,1
23684,9C28CD97BF61E3F78A82C0C536F2938F49D67D18,6
23691,A55DBE8C77EAF75A637356F402831FBAD7BFC69B,1
23700,64542D1B3915AE939B88A70F91F8B7F208390377,2
23721,6A58DC468FEABAD5EC7680FE57FBCFAE26386739,3
23734,7603B57CF6341ECA2D6B21DD65BB82B186E07EA4,3
23753,8FED17D22609A3EAC81430064EB1FED45307427F,1
23764,E73168DEDFC4CEDA1715C34918EA3E11E621208D,1
23800,E7CAA12FE1E48A6E973685EDAF0C105F90785A72,0
23813,6602FC1B54AE96E2E53439186CD29D1325DA5420,3
23816,29F02FAEA48F68C273614EEFE6A2C1B3067D90F0,4
23824,E8D9AB07B8C709DC7E265CA29330475EB24F31B2,1
23861,EB2CEA0052A4BD549DB089DEDFEC6A35D10A95C8,1
23882,EB98B1699307D4C2A9DCCB12A07369E9C641BAB5,4
23886,9CA4713008F407789E8325D1FDB37AC86679A89F,0
23907,9CF06279458C58868B1C13AD59F0914234144814,2
23938,6CA90FA72871DE7F1E6E5616A6A4C3453B0953C1,9
23975,7B240B0A420F22012DCE8B421CF54D1056EB7DDF,1
23977,6D583353E6C112C2032E7A1AC01469904F669D07,1
23986,7B931DE6E05FB0732527F6422FAD89062FCC4DB6,4
24011,516CB13240D6F37315DBCAE8FC562D28E80DE1C9,2
24020,5185024EBD15A7C953935FA3059715C18EE17353,2
24067,5CD685A380D669671EFC8A08366926579906F01C,6
24082,A4654B4FA8299E85F66FA0BDAC100A5CD1F9BDA2,2
24114,7D0F07035EA7DBDB3FBA94C20C52906CB397A86F,1
24116,4AF27C9559CA277FCC7A6FE0522D16BF1B078470,3
24124,DF86A4169027F4F8B420118DBE8CABE681E3BA2D,1
24127,7C1CA6FFE646D316CFB42820DA1F88AA8BFD366A,2
24141,9E1D8A734C46B59DA70FAB0D424807B7BA89FD97,3
24179,800BE68ADA2A43638748931B11DC5C07FA52F61A,0
24182,9E69BEBF894FD2DE45B049F3CF5F3A4B493E0809,1
24188,42B2246B722B4E661DB4B17469943A05CBB9B039,3
24224,A5E9F291E337ED673C128BEF10B05B0EAF3A89F4,2
24237,AD3E51A014B01D3DDDC159AE1CEAC39B9D515482,1
24261,A655E5BF861D107F62060DAF297591C7BF6D8B42,1
24267,80DCEE8E8484874AC9A45D70D7CB27A760FCAF0B,2
24270,A69F31EAB6EC2EBE31780F37A4EE8DD90E5206D7,0
24271,BCB46663BC6AC1147CBC3452DDBD6FC320387880,1
24279,BCFCFF6890B9E061CD2D3A878C4093F44D14C60D,4
24280,42EF537B8CA1EC247C3136AE01386631448A0E58,0
24317,BE3DB57EE14534D425127E291CC45BBEC408EF00,5
24322,BE46B270A28D24C10D9E8DD5E0874732AFA98E16,2
24338,BE6CA74D64A307ED0FE3923830459216522E6556,1
24349,BEDD324045498464D4596085805DFBDD2680D865,1
24370,C25EEEA6D23B2CF5C3FCBA2CE0FBDD8B332A35AA,2
24372,C2970A3F19FA8A6C2B9D52AAA82918A8D982F7DA,1
24386,C43E6A8696E186B85C113BB873A1A4084D27B1F0,4
24426,325BBAAAD9F3BF9B7DF90D45D347CDAD8EF3BDB7,2
24427,756D43AC3537E05B5B31790A068D9CBD15CE9464,3
24436,CF76591273BFBA0C43B1B6B6ECB4649AC47B72BB,0
24444,D299AA93AC129DBD5ACA432F5682063CDEB85233,1
24446,D7601813A04356CEF2F97DC3D0044ECFB048FE8F,5
24449,D3E8849879AA26A6911964CBB591C1F6F7BDA676,1
24476,7CE2B698CEEFE0A1F49022E8306EB2731AC55B28,3
24479,DA19C785A55725DA482BE6E0794C2720DED19D21,1
24481,9FBD661526741B18936B3CDC46BF1550C34C4960,2
24489,DAB2480096DFFA7EDF14C9C9B81D6A46E5ED46E0,0
24490,9FD5980CF6DA3747D45DD69610CBCA44056C5947,4
24493,DAD4765BFC24C4A5CB6F9F42A6F235074802417E,5
24497,A04DEA8931E22503C6E438AF7D2EA0CD04C9196C,2
24516,DCB58FA37FA58CEAB39A0D6896D2D71DC06A5DF4,1
24569,05E3D7BCADEA35B3CFAC174DBD0C7FB46B0A673F,1
24637,5B629056E3EEB9AB22C830A8FCB4D089A69FAA9E,0
24650,42F002EFEB273FB1B80F799C53E6EA2A673ECA7A,0
24652,69864CEB4B53BEA7D451CE7F67830EA4AF0398CA,1
24671,7B14479EA454752AAB65E3CF32C46B04F53CC63A,1
24690,43C335D0E8D9FA7F2E118A6D453AD7147F2CCA59,6
24720,EBDD7A5070F911AD0CC6B4D3A5671FA17BE83D44,4
24722,BB5BF4BC13BC472C7FA675B9BE2E4C7DA5B8CEB1,3
24729,11239486DF89DB14245F632F5BF7A556F281D984,1
24731,FCBA022949045920FE0DC02FA3A39DB2689CDD25,7
24733,D0A2BB3FA1A617C610EC91D59CF1EF32409CE9B5,6
24756,1138E67C0E168F440EBADD7C0D63C0A30929DAE8,1
24812,6869832E96DC2659F7F8681BA409E4C470F1C4D0,1
24821,C5C467364CF235EFA4601B1BB160596E8C68BB6A,6
24822,0334ADD329639D61B5F933D7B58D38DE6C63EFB8,4
24851,AC7F0CF7215DB7F5A404C9162F38874F0D764A7E,3
24860,AD568F2AED663CC5FF3CB923A4057DC8F35553EE,0
24926,3AE41CE1A583254F58B7FA79F1A161C91500145E,1
24945,3F58F3C4E94654264B28BD9B77CCAB510766C155,1
24989,72AB419F6C08974BE46D051FC0A4A26A97F6E596,1
25009,4102292B583F0B8A264868683909BA76846D3E13,2
25030,CA7483BB0B6A3336B6D15F7589E013688C886A7F,1
25085,C2FA66177D697E22C16F081C79E54EF94E0B975D,0
25092,15CC8CABA859F7357704BF16E53423888E9BC2C3,2
25093,C380A9073982497BDFCDA1D12638A181ACB6E832,4
25103,F4E0F8A65824F05566775BD23096F44AD090C32C,5
25104,9925CAC92C2803BB4CBE9385318FCF041EB0B661,2
25125,F5CF01D84A3E8920F065A3CEAD0B087561EB4993,0
25126,38B45AA13AE4D052DB76BC91701216C1F6C75479,1
25135,F66F47D792AA74DD27188BE2FC1D8BB0CAF0C788,6
25166,F8CBBF2CF0D74B3986176FB591D07BF51B2F2CC4,8
25169,7D5023FBECB738A20DA2AF3A263FA83C7F692421,0
25173,CA5E2DE53F98D383173E14FF50A91D6F0C2A5E90,0
25195,52CC9454C06F426DC3B753967D9B5EA9B033D414,0
25202,7E5C9A40AC003C577BA49E02B7B8E53942CE0FDA,1
25213,FB6C5E462D88E360F48ADB9DE378BF5E748EC605,0
25225,FB8633EF4BCD98C024AFB7BD07C98D3744E7296A,4
25247,1F762E69520125FFBD0BD6094BD89BECED239237,1
25256,68F66B4A1268468B6B69A26C0CA55BAC529C107D,1
25295,B4A88F77D170D842CA2E4DC44524014901B18D06,0
25303,D748E57ED9501415688B33E9A082E4E36AC2BB6B,2
25310,B53124F64C79E3F6B60F985CD756A087EB90FF8C,2
25335,E10E43D671BF096A86B7E47F32153CB705DFE17E,1
25338,5AA74FFABA83DE60881825761A65B22AFDCC1AA3,0
25340,EA4985F206E0E4FE2DB93C2D2B55209D8540BC5D,0
25350,D925AFB0709F4F4425FEF5B55DB5319AA6AD3394,2
25381,D9F070E97E5ED054BF5A57E644FB8C6194D24FBD,1
25467,89D45B4825050E06F2F229C5419CE22D0E48A4BF,10
25482,217EAA06893C5D02A54D062444B9393CF862A519,1
25488,53A3A58A0551787ADC938FF186195B43B0F984B1,5
25493,A42BB5C95F44D98C54AC894AE80C8B4577839B63,1
25513,F4C4629E358EDCE066C337D84A4D42770FA7376B,2
25534,30A225C8550AEF01CA90F7CF477BA47423F8DC80,0
25538,288200D88D98F424AA246C705744F3E364DDACF8,2
25563,8A7089FA328A7A9616CC03149BDFA6C88A08C109,1
25586,8FEED63103447470450AAEA75C1596DA04DF81FF,0
25626,90BA83EA35D38B5B10D5E2D456349DE24C827F18,4
25631,C8F1B1302378B25F49510C5C5E51FB7E28C48CBE,2
25633,9839CB0E230AAE5832438A95734D9C535DF66638,3
25664,B65E6087711F5A8A211FDA62272169B517BF0F56,2
25679,98DF80BAF6E91C64185A9DFB76042E3F8F4D185B,1
25705,F4ED4F13A29D9751AE67031B6A2F38C4935C2545,1
25707,42DDC19F2CF4A555CE4369BFF74B3AE7CA0A431C,1
25713,B85E94807001605472810B57942F133A36AC7C8C,4
25746,98E8646FD7464EDA3336008DF3FC36045C46DA62,11
25755,19F92EB7CB3036EC2E82E63E9EC9B9E0DE7883B9,0
25763,99F66886EC08BBD21060F06A59499AD427E117CF,0
25805,7BCC317E5386D38673DFC980C128C41A0B345838,1
25849,57D84FB7B0DFFF825128D92997F5E9DC1E907E9C,1
25882,510CE1F79B0995A8ABACFFE9815C400F2A1B0328,1
25922,5BA427B0AA1D3045D870292228B747066EB66E9A,1
25975,12531326939BA699F5C8E183B82AF75E95B6A7E0,0
26002,54F3DF940CB9959636B3729825E903AAF00EFC0A,2
26021,CA0E5CF3C65646E78F976E1F4AD5F379D6447FE1,1
26027,CAC367903FE66C6ABBD1C02FE4799A85544D3359,3
26044,CC05459754F9C1F3C89C042B926957D0C7C53828,1
26056,CC1EA68FA0757E88C765445A43BB2E3966393675,4
26057,C4A2332AF3311AFE7C4A7BDCF8DBE345D7B242EA,1
26083,C5FF2EE05C09C063314A1C73763C72CC9552293C,4
26088,1112090298E79A10A93D88FD0F17E54F5C773583,2
26089,C6C5365DD3EA7D13D5EC4FFCDA9E7EEACC3EFC67,3
26109,EB03A2FEB076A40228CB81420D0B5DE5311ADC8E,6
26173,1CE4774DCEC9CD7E32EFFE451A5070A19A7424DE,8
26215,3A0876ADB6C4BF02150B01D1D01949DE8D829834,0
26219,448FF2DDEED6C85740D9E28D5F5EAD45DCDAC7E0,2
26266,7AEE5BAAE5DD1E9644997DF733E855216428912D,5
26276,0A0CC5FA2F3F14C934D1DF51B7E48047298618AF,3
26284,CBDCD819159835D44F726D76E7C3DBBDE07FB48B,3
26301,16A4162E88DFA58A2A339F24BA2E7446CE249FD9,0
26311,C9023ACAF26766B9DE80FB0402E683EA64295EAE,0
26313,CC8403186076CD11BBE93F571E98C76AC143A381,2
26322,258F8B058351069007F4B731DD7354FE4867CF98,1
26349,18D363926BD22C60B9C8B06BFE19666984D60C22,0
26418,1AB693F819417CDF619A4ED7991F19EAE9CD4D45,6
26433,1AF9B707AD44B33BA34BB4CF478A8E237B1D3AE6,1
26443,35EFB32251FB1F0692398D532A194F6EABFA89C8,3
26493,F1486389BBBCB4CD7FEF4190E7A20BE73EC7C2BE,1
26523,5EFFA0CADA844715F9B5429482CDB2F83626AE47,2
26530,F2ABA1B47A1ED7A873ACB091DD3D6944EB2919B7,0
26547,F4398F9626848FE5B4F9F93C18E2C7D2075FC02E,5
26552,5F77CB4DFF7252FF14EC7F9CCA39EFFA66EB674A,1
26554,734C10EEB185CBC928A5451E969CFD5CD6D98CDF,2
26562,F69E25D883DFBFEB523BEE44ECC361D3DADFA5AA,0
26608,2E6AC22E9824707C2CEB4C7A9E3732B0F3797F1D,3
26613,73CFEE87F869209F2012A7EDEF3578AB96D5297F,6
26621,561731D7A00C090033797C07CEC4963FE0C6DD5F,6
26625,EB146C21497F2F3B014E687DE368D63444B76098,2
26634,D73944919D6836F259E5CF50F3C4DC1BBF623DC7,2
26660,ADFC42D72703517DA941451DFC090704E75B427C,2
26669,AE50B42E20BCC11331FF635AE209BE13ABEA7F91,0
26694,3E1F39AF582970314C3DE51BD26768C26048CC18,0
26715,81A9D527846C168DDF13DE4CF34CCFF70349531B,1
26717,E0F5A66A9E5E2B379A488C59302783834DF9D714,4
26720,4721E59B2ED6D312DDDF02890AEFF401E33876F6,3
26734,FC55EFAD65057313F58F57DA163C4862EAC5C13D,7
26783,02545B45922219AE6BDA9D866CFA05DBDABF60AD,1
26799,FFB96484506F62FDEAE3911F599A714E3090DEEF,6
26819,2A0C469292B1DA670643669472068BDA119D19D6,1
26836,4B9C79487F411D81326FC09A6A91FECAB8A0F4B3,5
26858,81660E5AE1EC6CEF599D8C401C525E5B406A40D0,3
26868,B36BD6A8846D7581CD7683D116D85ADDC87524E7,0
26922,B28685EAAFD393A6F7D5F6D966373E8602E59A7D,1
26952,AD43DD1C92EFF23325A26FC108B3289A3B2E36EE,0
26967,61DCE350496D6C80D86E01B680F8DEF74A69D9B1,1
26968,4DF3A8601F8128B5DC2B7E4D09013537B87934F5,1
26972,AD5A33B53F5926BE747D3B18BAF17E0C1EF059C3,1
26976,152900D047A04B642C4E95B645A5D05649480DD4,2
27022,ADD72DA091A80566D30F8A7DF17D1E80F201019F,1
27029,0214CA4F4A013B4EA95A8708B0D87C2B7767BDDE,2
27072,57B5C8B00C8AFC5799C428829CEA4B7F2A35A2EE,1
27126,09EF7F8DF2C293575AFE107C73834C0383CAD132,3
27224,5E540CD4BA72C73FA37E0CE201E8E5E69DEFBB9F,1
27262,A2E4F7AEA0BDE78A1717F3A1E4267052BB328D12,2
27271,A3220B8B6091D77F57081CD60EC9FAAB080F6654,0
27280,60968DAEF944AC41855113CF8489823BB7DA88C4,1
27282,A40CAEF0F001686B3C84E4E72BD345B1D6B5C04D,4
27329,E08B70B1FEC90472F8A2878C639755E37AAEFB41,2
27349,BAF65DF66064E3210D8B8D6EC84069E7E2E50E7A,0
27353,368BFC7BFC7BC6D51127F5CF5DA9D0C533C70BD2,1
27354,E34B85AD7D801B6FF39063D0312B4F1E5B68CDC6,0
27406,56881A09DE0065212AECD461E6023D9665B2D364,6
27440,412CAC4B7559B0B9976B2E9C4C433404A61B3F4B,1
27463,4EA5D853E7E5A0F989ED185A68AE8121018BAD15,11
27553,81281D266B70ADD849FA56DF77A9147101A988A2,1
27556,9098FC27DF1F4F85AAB2EF77221FA82C7ABF0DEF,1
27595,45C8AC192FB9ECD6AEB68202971E1BACEFA5ACF8,3
27597,5C453D8F9C82444E15D04FC6300612CCBF7CDACB,11
27600,82E7E58721B50030F42C11A1EFDF1A388E948A2C,3
27634,9BBE967DD330AF72C77ECE417E1FECE18239EC18,2
27642,46857E4806CD88CDF88BF4C5560EC685F3D71CED,10
27703,84962F965404606B0358486753F49CBE0ECFFB49,0
27713,84FD790F559A5670022310063295FF060D356051,0
27724,1E9A2A0D422FDD33DA010C239D9200C17C5B7E18,0
27749,85EDA88DE5D085B763FD4D83EAA98393187EDDF4,0
27763,0B6F075C1954495D8B989CB85CBA80EFEEC6BD02,1
27805,86E195CBFDDC41BB37F25A99DBEE0764B5688E8E,1
27830,86EEC795849C0474B62D799799CB079826654CC4,0
27867,BB29D797C4A585ED6C13A25962B496D9CFCEEBF3,1
27878,89176D777CAF2AA7FF1C50A4E038AE800DB1EF46,3
27886,89C1D62715C7F105C1E2378CCF636B7A9137BEE0,1
27980,E3D435D316B65A2CA7F8C7C7638E61B4DEEBFFBE,1
28013,0B20C76646B3376C8A9226A06C82EFFDF5F5FC71,1
28035,B7C18413096747C456E47FFAFF2AF72E5FADC7FA,0
28037,653215C565C29B017F339A6E67DBB2A0CB135539,1
28042,F7109D7A91ECCCB2BBDF23C36EB1A6A6F774033F,3
28059,6270EE3C40F53FA1EE477954B4E1F3776F99636B,2
28072,035A92873840149C9AFEDF21FC6727DB39F6A9D4,4
28082,E4A91529F20FE58864BC7CB8C63B8EF0FB8808AF,4
28083,0497F19854BD48DD1EB949B5A5CB68ECD8427C24,1
28093,F7B13CFC106FD1D3C98BF6FBF68FB406B739AE02,1
28097,C824171B97CA0AF643A2239A8A8183D26ACFBDB0,3
28122,1CDEBEB43A0A2DC7867EFEEB42E0A978BAF57CB7,0
28134,D4CE1B18BD86820C42D34581A3BF8A3B8A388679,1
28163,14A599EA3A121186FCF6279C4F6581BA677206C8,4
28187,8A5A72AD750451B235754669E60C1DE706CA1390,0
28198,D4CE512A2C19AAE16AF8359DE2B086D41E942621,5
28214,92E8B9691F4487699A8A68F5D6D6A37B1791F6E0,1
28234,05308037D1D8FA1C1BF8077BFDC325C0DF0BF8CD,0
28255,0080E83D1D85B4D1C2DCDFBE09560D3F4B310575,0
28282,EACDEC69EA9EAA25231EF1635E651F041FE7D458,2
28288,D5822C6228E7661DC26D857F839493BE86AD429E,0
28289,27C0A94B1BB6215DC99588078FAFE32BC5E7ED5E,1
28306,AAA1BDBE88C1D559576FCB5D06DACD8AC240C778,1
28315,1AE4BEA42F6C1D3A145B5285A5EB8A42E66E39A1,1
28375,D3730253B0E21E5B3123A41B6481EF5CBF018646,3
28390,34F888219D058AB1FB90674DAD422ECB8E364108,3
28399,EFD21000F21E4536273F54978A91380515BF5E67,2
28438,F86B29FB3846420CB0C55246394D30B0CDB4721B,0
28458,7E793F120C870D55735FA124F4DAEA16DFEB7F18,2
28459,D6019F4E12760005590E62026F3FF7978130E556,2
28481,1B89460CB1D63E8DA38646AB2629E9A7A80E319F,1
28535,8C49A89730ED580B90464A9D0E2D47F1AF23C04D,3
28544,65749E4859BB236A4E78A6617F5066C8A6B94FF5,1
28545,B8A4E7EF2CE4DAC47998FE82D902AC5E603E9EAC,1
28547,6E434020AF718234D0062D53AFCD3EE24F22253D,1
28562,4CE6B99DD36755EBFE3E65040012FB147205C1A1,1
28604,EAE40533A08F338FA06040F0D1B232BE1FBEA630,0
28644,4D2613F2B3DC16003633ACC59447DA45FC78D2CD,13
28664,B8F4EF9FC597970ADC938689CAECB4BA3BBE9AAC,0
28678,09735A053DDD0A14AE77A466D210C2F83A932FA3,0
28679,3D0F253C31053A52D40A6CB624D0F268D7630422,1
28700,6DB9CB9FFC75DC9836F776CFAE5F717C7B36CA50,1
28712,F0E4488B39E5487832450EDB9A7F3FDC9A33E539,5
28721,0BA6CC9C025829764472E917636A9B100AC82679,1
28725,244D26326887918D800BC2E187006FEF5B789229,2
28733,D7ADB1EEA8D95297D662B489995E408336072DCB,1
28772,36C8A64BF0861131AEF575FC75408419FADADC1F,2
28777,B9143890DBBE146C616C5AB2809E2B0A8CECFB02,4
28815,87ECA3CE873E69C2C1266D3870E659C94CEF96C4,1
28901,5A82ED240432F50415820B2F1F98FE14AA920572,6
28930,FD8BC52F766E56D5547B36A3D0125FDE1542B06D,0
28957,E6754BE0AFD5F959BD226B6F00B664C95A071BD3,2
29017,EC820FBA2F349AFFE48C2FC2AC40C1839E4FC069,0
29035,F29B0DAA2E225ADB4F15E4F1A9A30F26D50C9335,2
29040,FD95DE643AF40775B9D2B3385EEAED38A8589F6A,0
29042,13CE040AA742067FF26A67524824B7E5651C5AE3,1
29049,A04CD619F8FB074828EBFA5FEE687AC41E91F1D9,0
29067,E35744B5F3FBB83670DE517001E95925957BCEDC,3
29068,196D4499D4F3998450FD5BBED1A0619D5C570670,0
29079,6ECC708A4C6B8B440332B55F878261466BDC234E,0
29082,584FD03D20B675B9A357018F5D1329FA95BB8354,2
29096,B9B9F12721ED382C3651CE1786B75560E7831F44,1
29101,55DE1DE18102FC4F3AA7A6B3422B7D68AF5C92D7,0
29109,1BACA37564874FA8478A5102B507EEDF81FBA0AA,1
29120,5A86888AC0DC7ACFCB7C25DECC539BA1DA314390,3
29149,FDA1D5414C27B61F165FC9BA757B57F59857D3E6,2
29150,24571DA7A6AAA5168B91D018F8D40F34FFB728B2,1
29163,CE4948F8ECE6AA94F2B419E48179589CBB8225AF,2
29175,D8B6F55053C99838E88759D8CC8C5C1C244AAC99,2
29256,FE1392A030D7CB83333477215B22BE15D186441B,1
29303,6EF6D2D25775BE8419B1BB54C9AA7697FBFEB9FC,1
29363,F386015A0325AEC92A49E3BAFD0F8BC823C8A22D,8
29371,06D62F2855AA4A758F824804A31457B3427762D9,2
29376,B5C7394E16F1A2BE7FCB746C7C5D06A731DC6671,0
29382,1726C690267CF43E10D23A3939E5995AA51C60B8,4
29395,D97F30B67D38BBB9CACC7BD53C4D1DCFD804D419,4
29415,636249F7954E2E51BCA370A5F85408106F9BE2DA,1
29428,BA227CA0C2B32B591EC12DE71DCEF9BF30C90ECF,0
29435,EDAB9409B34C7BB471A0E75E4FAA73A0962A1941,1
29459,AF95440E5192ACA7D776B77BF60F3029BABB8AD2,2
29470,F38AFB1B08DFE8081E4E2BD915A724FD67BC4B3B,2
29471,FE3B18C8758601705C3D4675EF01D9894C93CA7E,3
29503,D9FBDE62DBECC71B5C6620866C8F81A79C5B53A8,13
29512,920EC8D018A3824FE21AA3DCCB8BBF4021D31D24,0
29527,146C22EB23DF6AAB73F6CCE9A2A9E85D11C5B63F,0
29545,0FDE526F6ED8B10CF09AEABDC0B815B02B469D22,1
29571,FE7BA0CBBAEDB7EE5038234BC4A81D4BE8B27606,4
29578,78C67C83C9B4E1252AE163D64854959E3FCDC8BF,0
29599,18CE3BE176F659F83ADEBD9E0677016206F6DF86,2
29620,A1346E9E6B944DE5E82B16EBCD67A4A69BCC507F,1
29629,8C64452AA8E2BA9817540EAEEE2E619B9AC24B91,2
29665,FE868E330DF2A8135FA581A6A1F71BEF355C231D,0
29679,CD5DB22C65C85E6806E803AB9E476F46BC2D7DD1,0
29692,B5EE497C7B7AC5D9A3C5E804C12D5623EF70F350,0
29700,4DDA6B7DE1EB47AE71C103E512882490C8DD6036,0
29711,2F6D417B2A60F151344EE84E44BCA8B88240CA7B,1
29714,14B6F829212D23290B1815A304F852500928142F,3
29733,2832BD408378ACAA3A26174576564CD32D25EE56,3
29801,FE721CE4B93685D92BACF64D2C65CAC0D93D53B6,1
29816,84130E90DD7DD0F7ACC500ABD353EB23D54E8A42,4
29825,EA2904EBA14AA2E4E8A78C8B9799ECC36118AB12,1
29849,6726015F75F1042195FFE1C37D8B8CC1F23BCD87,2
29851,FF02E4DEC5CB44C2FCADD2685105F027DEC20418,2
29867,CDE6CF985413CB1C5FCDC2B15B119B05DB91C0F4,1
29892,4EFDE02E099041EB878E978E6FC9DBACAED04587,1
29899,D9C0260157784D89F003F855561783B21D062954,2
29913,64D613C36B83DA0A4421DE961856EF6288A55FD8,1
29931,8F66964D99E0CB6D4728EB97AFAAAE379C0C74FF,2
29947,249A7EEEA07E2076896A634C04E2F6E7B048098A,1
29957,10C7C0F525D649CC60690AA01B9EB8911F3D9744,3
29976,949DC411233086EA3252189D036A9D61B50CB89D,2
29998,283E1776FB6022769D26F2EDEC2E8B5637365330,6
30024,1018179691230774118841687851AD418C6E8838,1
30068,993E60F250A69C5DDCD9E66241EECA92867DDE03,1
30073,8DBEC58AECC3FD8CEF4A8F81473C20073BA4C8FF,1
30084,2473CC9B7AC6DA101666069E00E9664B8473E394,0
30092,E8F3073554CD24856A88B033A975BEB512ADB880,1
30118,24C53E3088847AC2E62770362C2B19A4BCEE5EE4,1
30131,9E00FC46929A4EBC02DC0E9F006F6769FC0FF9F2,3
30143,7FCB5BED136A5F3754F6FA2AA2F93198B5BCC97C,1
30171,C4D183AC92C15EE587078C21340B421DBC2B48BB,0
30195,E80E8C0D3B650DFBACC702DC36BA5B326F6EE74C,4
30255,3599AE8F5504280AB1F66DE1FD6B8D70EA7D99A8,3
30256,4FBE06471E20D8CA36F826798C05BE231965FE7B,1
30268,28825D0A13A6DDED1B70D2021B149D2549EA954B,2
30337,D6125ACA6B9B0F7D9499D6BA5626F48A66F38F9A,7
30348,EA0AA736147AE48A6EA9D60B8203484A368D73BE,5
30361,9727BB98DA42A4E7538D7854E3088E0303FD5E43,4
30369,D0619DF4950BE92A10CE31D1E574DF80E70644B1,4
30374,EA5E2ED872D8BA44D31E4AF1D2C000905F84DC19,5
30414,98BF57CF3DB8C970066A79DC08D9A50B340FA2B6,1
30427,99190A7259CAF5780A43271C2D8946E36208FF89,1
30428,D106A369AD1452ED75261EAD653C605657953DB1,1
30432,178D4E68DCD23FC51D1DB14FB7FCC235DFA1D848,1
30442,D11E519183DBD7458FEB7C6CB00687432520F14A,1
30444,096C2C329FCAEC8CD555E28291A4D9598C6A767E,0
30466,17B917D79C5B8446A78425BE73A37AED8046C777,1
30546,2223AC4822EDB78A5827C51A52752F2A05F7C451,2
30553,228754B2A1C2485F531733462DFBDCA4C5B15ED8,1
30564,22F2BDC25288051F3570CABD8D4D8ED7565BE742,1
30575,BDFE3726B5D5D70ADF7148DF4AE39EB52149E681,0
30592,BFD395B7B66B5305292C082DF426B5971F8EB351,0
30601,51B222A04C51A99F46106D19A3E83E60EF513079,0
30605,FD75320495F05B6B3AD718848FDF4F526D087869,0
30607,38CDD49CF9F2F2D7DB5F50499DEE6253AA63569D,4
30619,8DD84AA0D6477D0CC66B875B3A8E5644995730E4,1
30666,52AD5B564550637D87793764EB70D04F7CFA2F19,1
30682,CB7659D756BD0F86B91F9EE9BF2556E7219E0937,0
30696,F537147E48C48E81937DBBF3CF0CE84EBE242E5D,0
30717,C2530818D353CE846B214D2E6A847D80D14D2AF9,1
30743,3ABF5137850B581EA72BBCB35FC86487EE74669E,0
30751,29CE6E0F86B15209E61BCE0636300EBA30C6BFBA,0
30768,8FC5F1B544DB8F735C05779126D82F38FB2DF5C9,0
30814,365FE8B67FDCD5EB82666E9DC40074B0B92C4083,3
30817,6B26181D66C37CB0D834728D0E248C2F0667F6D4,3
30852,A839A9AD64ECCB7E664EF3AF3F172432AB696903,0
30863,E3A0E8D6AAAFD050F4A797CF549478C04315DE62,4
30885,A8B3C6A0BDC93FF5C9317119C16DB1B317EF7DBB,2
30890,37173BC4CB2B3C4DA661447284879E2577FFDDC6,4
30904,0163E531B25B60611B3CF781F8704FA253BCAE22,5
30948,46D101B53F0B5641C6E9F2804E464A496939D7D8,4
30959,46FD9B3E81A341D03E56037ED7850F03B8288D05,0
30988,831B63C99A92BC0A3BDE0D6F07DBF72E4C7E225F,2
31011,24346C5D3B8DD391571C63ED533BFE73FACE08A6,1
31013,5FB14CD0C2E5F4CF8B6F46D05545B84BD80577B4,0
31014,15333127B0690D4590043F6338C98B48FD4900A5,2
31039,DB0E5C9404A09AC5A130B2612965F6AE9061E062,2
31047,498B4E1DB78CDE43EA5A7154868BAC4AACF566AF,1
31066,6070B060244803F09FF7558B5A8930830CB9D372,1
31090,DF3DDBAC89DE8ADC1545A582F35F01494C52B3C2,0
31093,A4A191CE9251E473D258211A176B4ABBB10BA377,0
31098,E02354ABD75586193D4E64588870112C6A44A79F,1
31106,E03C89FD3B205CEE30DF4D183ABDAE922C2CBE2E,1
31116,15D5E3D5139577F6111FA19CD72C7AD2236F715B,0
31143,4C9F2E60A490875DCB79C5D902D6CB709BA7847B,2
31159,E2CC6015A240FAE15125D15E41412633A6AE4C36,5
31190,D272BACE4FAB310D41351A11C394622D8B99D433,3
31191,9537514D7860AF38C1D0DC01AB9872EA4E6B6DE2,4
31218,968EEE04B0039977D94BB3AFDFB5A4A73DE918E1,1
31242,915E03ACF619A9A66B1FBC32F2B677EE6D4A0A6B,1
31244,916E22CB6213B9FA58A935BE58B058C730697573,0
31245,375655AE3395C5BE52F699AD08A0E7FAA255E634,0
31270,4351F6C2DB011934F4D47F30953DB6C56CA7EE6A,3
31285,7705414995DCB10EDFC56493C4B3C6AFA3613D42,2
31365,35C47399C36E6F6B5135D763D8260CC570BE72AA,6
31405,C6C8E4E9FEA1313B412869FF1B75686870F29047,1
31483,BFBF06A842682135434377635A649A54A738C646,1
31585,2DF53D477A7DA8C3A41C01C872A661C29E8EA39B,1
31610,AA4393EBEF6E04F8559DA1B9F3909066054AEB1E,0
31636,AAF87F2E39A5EFD6FA2DB71893E0C71E97B7A586,4
31638,C049CBF39659E062EE263D308AB55B8D43277E96,3
31670,AB04622F0D6CE8F66EC1B4177874A6DE373865A0,2
31674,ECC00068773638CF5B05743B2A6062F48C0C2DF6,3
31675,6B74C480F0A80E6F5B35EDB7004F7DB7AE8117DD,1
31677,077B744C939A939A27FE0498F2FC0E9E3C4A443B,5
31684,6B97769548B30BD98F5F573DB6B5276954243B34,3
31690,759B5200C186A3484F5AF415AAFCEBF72C1BE1C0,3
31702,FE43970B92D252989A281A6BF3D14109E6AED9E2,8
31705,AC06650CD125D133F1A45E0E2CE6BB1FF56AF897,0
31754,C18B664085C0A1F21FF139133C820491AFC3942A,4
31759,DE602AE562F4BD27A7FC117508954B5FA53877D6,4
31790,A197FC4C4D92BDFE5609387D40A9AE603AECA7E9,1
31824,49BBA4A21D880CA634C77CD6F51D0782CF03F1BD,0
31832,A2A5380CADDA556C20D76D23C83B1D256BBD2576,1
31834,3B07139361E1150FA371D2D125ED8BBE2936CD5D,0
31879,C22A64EC935B45FBB688C09E1114EF92A41148D0,1
31919,A52098D0B2843AB6D502555A76E5EFB17AA83749,1
31953,A54C21D74E5CA96DAEDB7543FC5F6E18955F3E63,2
31967,2B4D940E9155389D3EF30662E576C2498ADDD61A,1
31973,9FE4745B6591DB522CEB71047EFFAE039C301F9A,0
31976,05C1BDC5AD70E1D7BF12977956655F6516A6BBBB,3
31977,05131FCAE176A761E6BEF1C528EE7BC1591E09D8,0
32032,A3B63850CB38D15B437F7612B93CCC98E3646338,3
32050,6C58A97870E4F396DD6B578830A06C24383A2E30,1
32075,7992E8FC4BF24F39226AFA5135C5257CB6838C88,5
32115,A05043F8708545E9354A0619FEAF2BB38DD9845C,1
32116,AC2CA365566DF04CD348A7E0876A3E89976CCF4C,2
32156,A0CB9D840549CA043FEF838D46FBBDE5D29E6F8C,4
32245,3F5899FE59878CA65FB5419565A9D5237E574A7E,3
32257,A7E7437EDA0679F5E1FD31EF167420C8FFC58554,4
32304,0652B1FD78DFB954F680B967CEDCACB9E9860017,4
32336,704BCC768E2D163860CFD6E4DB8B16B5780645B3,1
32342,29F482C137053CA14EC9F26C54EDB4909A5DE3B9,6
32356,A6AF3A8F3AAD94931840D5B736A61F04A58115F0,1
32370,13A552655FC16E75D27D5E7912B5A553808FA347,1
32388,A870E2FBAAF2BFBA3DBB432E446C28F62D4AB127,3
32433,43B03DC23200DB57E61C7BF6D21BDA30730469F6,1
33229,7A14229712902C068815E56920743E77E76B16FC,2
33232,DA6A4DBE603CF04DCC9DEBEEC5220BCD179D36C1,0
33249,5D5D11ABEE8A84B53DD17183E8C3E6A3E8D566C1,1
33253,87758FC0BCECB8E372408F66F6DCA9C7C81497A7,3
33254,D8070207B6A47BE91F91AC9A92644CD392D7EC84,5
33258,AB910C0ACAD1F4035BB50B7B245A4DC3CA710AB8,2
33259,B351B88A33768231699B348560945B6369865DFC,2
33528,8F2E663D142DDB2D76AB8A524C99C8A4CC75861D,2
33629,3F2D4DCAE347CC7F4059A69D256FD201CBCBBF91,0
33784,08FC787482B8FCE6A3C81F1E4039C647BB37EB65,5
33819,002F69B763E620781B32540B153C805207CC235F,3
33935,3C9BB401C2C82AE5AFCAA80CCCAB416C7AF32563,1
34062,1F19A0CBC32F9CEACE68AE765D87FF2FC1A4CA07,1
34337,698B722E8E57B3BC2EF26C0AF99D5E37CB7FAB4E,3
34387,673C6D555F9D20C988CC8B6BF5E8E298DCFB5BFA,2
34617,D962C803C48A7AA3E100F0AE221013EF87E55ACB,2
34809,6222E9FB00DF1317AE9D7B7F08E0D79C1643BCC0,1
34866,B554E76DD4D905D9CEF53D2287D6CB1EC7F683BD,6
34916,C1FD4A0922E851FB5759C68B3284DB81BBDFE2B1,0
35067,71442976D5BA13EF199677A5F46C10FB4A7FB04C,1
35245,3AE3785148B273538B7E92DAB157C808C0B9B0B3,2
35247,3B0398D4C1BDF32F836AF9B2FA4E16F485A294C8,4
35576,E20640E6644AB5955EFA338DD498A3F2A667F24A,5
35615,EE62AD2C9A400C81DB8F96BA38A0C2C06A350C1D,0
35644,2797F3E6C343F19F55056D1E2F00245AB314E91F,0
35707,03FE7E44943FC2A281F25D41835F16AE089DC166,5
35782,ECFAD09126B85F0698C2AEF9FE9EDABB099E347B,1
35873,6B3AF763185E92A8659BA158BD10F22B86143C41,0
35961,354989A40AEE0B98A0FD9A922742A9CF14141689,5
35987,C15FD59AE6ADD85B45EFEBD628BB2F921297C94C,3
36177,BBE68A609B22E4A2DAE02903BFC9803D89958C56,2
36204,503FA2B635DECF109C4BAE2CB94AED0CBF35C873,7
36270,DB9DCB6683EA33115990AF22BBFA44F5CB6525C1,3
36386,CED38A3E4105021A650A2664DE4095E3E4109BC8,1
36427,79C83ADB9403FD81BE25FC4C0315AA50D34DDCC3,1
37166,D44655863821314978860ABED4B85A646A9189DE,1
37178,D498BA0129E568BD67B6F3C01DC4276D444271BE,2
37179,D4997ECD63040E8A6702C26C2905B63E0534EE26,3
37194,F4BD36C767D49F31672238E2F6417F0C5FF13E75,5
37224,F4FF561E3C55630D29B19858F928212ED376A728,3
37476,CD8499F1B762042DCCC36C6BCD6C2FDF32A3D055,2
37492,9ACC5B00308270579EC4740977774FA4C333E85D,5
37519,4673CD7A8D38E89FD69982BA78A404ED683874A7,2
37815,C1B6BDE6BA69E3F051F234C9DD245EC67A0A4E51,1
38184,4E7A83B3F9CBA95F5C4555F99AEC43B8A1CE4C53,2
38203,B06E0AD7D9AD98CCAA395E1F4E750A3572D3DE19,2
38676,EA1181E9135B90FCBB2CA53CA6F06B83D505BE3E,2
38755,EFD48F104D5BC9D28016125744F42FACE8B2A52A,1
38775,D82C19EAFE5F677E408287A351B15DDF8D109C32,0
38824,E00650AFE8104D52938CAE0F132D1DB2F807235C,4
38839,F76BA6250A93A4E79B126ED7F081912242020A3F,1
38900,512440953A6FCD647D24B30B14B8DF3FD7B1CB50,1
39353,7A1CF2A3404EE45DD6ED535D416AEB82A73E7710,2
39379,B2DD38CCA723B90396107CC94DBCAB07FB0C0C26,2
39410,C583F55022BBAD03B0D5ACFA121A7F0AFE7808AF,7
39770,B675384E2F17D97F1750380E7DD36517964551F4,2
39814,F88A9A78A61DB6A2C38D74EDD2FFB83DEA2895C5,4
40054,301ACA6BF9ECECAC92ED4CD150155D1AB30ADD57,2
40059,68F7F95CF43658CE07D47B1951DE47989B884009,0
40091,8DE413CEC9B5EC6549ED78B97C47452849C9DF58,2
40252,F409098013A37D546885D8B01975F3C90A61FEAF,0
40263,01B39699B2CF0FFA1AAC5E31A780057F72941E52,1
40315,A8372C4E1EB3E6B1744F0A5FBB7DA6D6EA328806,1
40329,B079B5ED37811A7BEECC9F5924756DC96A15A8A5,1
40378,BC08282007706C5BD31BA7117F63D7C6772E7981,2
40389,3B4DD674EC14C849CF5A9D494A140EE1C1D5CB44,1
40450,996134DA5F51ED566017B0003CFA33C622744DC6,1
40459,D4F5B5BB218CDD235B0E7A34179B99A25D974080,2
40495,C2166058F0D584F4105BF2B483667587D641DA88,3
40505,C33AB5C32C91646715B77B3D88CD5BE25070C97A,0
40510,C39319AA605FDD805594F7471AFF0112E883D5F4,3
40526,91F0C3C8E6548CDC1CEE48D2AC2C1BE1841E7CC8,0
40568,EC4AA9D39503731B77DF06872EA8F1A55C466132,1
40585,51530C7207F232118F0040B237A3409F3A23DD99,3
40630,F17ED870FEBEFB759844812D6C408B226E92419E,2
40645,BBD586E1F282E77E4E2165097D461F02337F851E,5
40713,5D9C76A8F7788CD1F0DDEFBCF313AEDA4F125C37,1
40813,FBC2735F804C85F3C8F9FF6AB90E6128076FEF72,3
40827,7927E9C3CCB66F182449A63EC21A0474E2BCE6F2,4
40857,7AFEAA46D6B78EDFCD71B826CD7C09A401DD3BB8,1
40868,5C4E434202619B290D09B6038825D9F268C122C8,0
40869,8014DE4292559C413DEAC081A13B4FA28B5033AD,6
40938,171BC3EBA7921531D479881AF6D1DD2E887AC31C,4
40972,C15476437DBBC97CD5E96B790FE2CB82EFF773A9,1
40988,6EC18DBFC32478D458FB8447BD5130CCF9FD9E03,1
40997,1143AC667DAD8FAE1D4DC6301118399E5536010D,2
41148,AAC2835FB8CA866DEA2A92BCBD39620418D68A39,7
41190,2AD9D05C02BA84E30033C6DF5077DC0286389078,2
41214,12F6577E092715182A3289643DBD9401128DB21D,3
41315,8A2F30B3E1DE475C8D37B437E0B5CAC8CF69C9B8,4
41358,41867DFCA3000073B9D8B574E722F6D76FA6FA3E,3
41442,5288BBAA0FE06997FB08DDE6BC42BC7531F52360,0
41469,BB6482EF0E6722BD2F20A2AC2A29467ED2226A25,4
41490,0D53BC2941707CF1216532D56A15823713C993F2,4
41498,69F8A74D5B24894585F1A96199539D0E4646E418,0
41520,7D0BB456B83ACB51A341FC6A02B328D26F462C8B,3
41648,782E9ED1C4D9298480E7D9E9D5D8524B6B63E48F,1
41796,61D25954EC1E659A571D7D7B87C066C77E40A57B,1
41872,F85D866396FD32B15D2F570B22A32E55058EB3F2,8
41894,F9354C14EEC0086E35B5B9E4A6A08B31A53F0A65,1
41919,DC930B1481641AB1E57644C2C902BF3276A79B18,2
41990,71423A4526945A137F7359ED05AD9B0149A78E18,6
42019,E1D6E55D75F0260515CC8C1010DCD9AF55A2F0B5,1
42106,0C0458FB045522D114D114F0EB13B66A140EFE2D,2
42117,8E862F2DC4E313759EF98A2145A02C01D64188D4,1
42120,0C3E9B92732BD770296853DEAB36F8A4545622A3,1
42126,0C59A699031CC2C04D2D54B568B3EA40F3D074C6,7
42226,D2CDCB11EB853D2461E25DF5D819550B2C3E7B80,2
42301,04C332E82DD7949491D0EBB08865A1C15FB57C49,2
42410,BF29BEB56AB02921FD48BA0D64777A84CF368A0F,4
42681,A31C1BECB913F8C2C93628ACF564161E7444B71C,1
42716,49E53D862BAA3A7BFD68C61E15AB34EDDB5E9681,4
42757,1B60FF6746AEE7F452DC30935CD4F5BC0BF465C2,1
42804,2C68C0DF15056B6F29D31B13D1FAD5FDEBE3217A,2
42854,2E3C289971F1FDA786A1997DFCC782BD92852550,8
42990,F628E23FBEE2F191F660D3E929C127423F014E46,2
43163,902E24D8F974B31FA334412361892C5C90023E1B,5
43179,9A93025CC832D7F36BF550C295128769728F1290,1
